1	的	的	de	de	5
2	一	一	yī	yi	1
3	是	是	shì	shi	4
4	不	不	bù	bu	4
5	了	了	le	le	5
6	在	在	zài	zai	4
7	人	人	rén	ren	2
8	有	有	yǒu	you	3
9	我	我	wǒ	wo	3
10	他	他	tā	ta	1
11	这	這	zhè	zhe	4
12	个	個	gè	ge	4
13	们	們	men	men	5
14	中	中	zhōng	zhong	1
15	来	來	lái	lai	2
16	上	上	shàng	shang	4
17	大	大	dà	da	4
18	为	爲	wèi	wei	4
19	和	和	hé	he	2
20	国	國	guó	guo	2
21	地	地	de	de	5
22	到	到	dào	dao	4
23	以	以	yǐ	yi	3
24	说	說	shuō	shuo	1
25	时	時	shí	shi	2
26	要	要	yào	yao	4
27	就	就	jiù	jiu	4
28	出	出	chū	chu	1
29	会	會	huì	hui	4
30	可	可	kě	ke	3
31	也	也	yě	ye	3
32	你	你	nǐ	ni	3
33	对	對	duì	dui	4
34	生	生	shēng	sheng	1
35	能	能	néng	neng	2
36	而	而	ér	er	2
37	子	子	zi	zi	5
38	那	那	nà	na	4
39	得	得	dé	de	2
40	于	於	yú	yu	2
41	着	着	zhe	zhe	5
42	下	下	xià	xia	4
43	自	自	zì	zi	4
44	之	之	zhī	zhi	1
45	年	年	nián	nian	2
46	过	過	guò	guo	4
47	发	發	fā	fa	1
48	后	後	hòu	hou	4
49	作	作	zuò	zuo	4
50	里	裏	lǐ	li	3
51	用	用	yòng	yong	4
52	道	道	dào	dao	4
53	行	行	xíng	xing	2
54	所	所	suǒ	suo	3
55	然	然	rán	ran	2
56	家	家	jiā	jia	1
57	种	種	zhǒng	zhong	3
58	事	事	shì	shi	4
59	成	成	chéng	cheng	2
60	方	方	fāng	fang	1
61	多	多	duō	duo	1
62	经	經	jīng	jing	1
63	么	麼	me	me	5
64	去	去	qù	qu	4
65	法	法	fǎ	fa	3
66	学	學	xué	xue	2
67	如	如	rú	ru	2
68	都	都	dōu	dou	1
69	同	同	tóng	tong	2
70	现	現	xiàn	xian	4
71	当	當	dāng	dang	1
72	没	沒	méi	mei	2
73	动	動	dòng	dong	4
74	面	面	miàn	mian	4
75	起	起	qǐ	qi	3
76	看	看	kàn	kan	4
77	定	定	dìng	ding	4
78	天	天	tiān	tian	1
79	分	分	fēn	fen	1
80	还	還	hái	hai	2
81	进	進	jìn	jin	4
82	好	好	hǎo	hao	3
83	小	小	xiǎo	xiao	3
84	部	部	bù	bu	4
85	其	其	qí	qi	2
86	些	些	xiē	xie	1
87	主	主	zhǔ	zhu	3
88	样	樣	yàng	yang	4
89	理	理	lǐ	li	3
90	心	心	xīn	xin	1
91	她	她	tā	ta	1
92	本	本	běn	ben	3
93	前	前	qián	qian	2
94	开	開	kāi	kai	1
95	但	但	dàn	dan	4
96	因	因	yīn	yin	1
97	只	只	zhǐ	zhi	3
98	从	從	cóng	cong	2
99	想	想	xiǎng	xiang	3
100	实	實	shí	shi	2
101	日	日	rì	ri	4
102	军	軍	jūn	jun	1
103	者	者	zhě	zhe	3
104	意	意	yì	yi	4
105	无	無	wú	wu	2
106	力	力	lì	li	4
107	它	它	tā	ta	1
108	与	與	yǔ	yu	3
109	长	長	zhǎng	zhang	3
110	把	把	bǎ	ba	3
111	机	機	jī	ji	1
112	十	十	shí	shi	2
113	民	民	mín	min	2
114	第	第	dì	di	4
115	公	公	gōng	gong	1
116	此	此	cǐ	ci	3
117	已	已	yǐ	yi	3
118	工	工	gōng	gong	1
119	使	使	shǐ	shi	3
120	情	情	qíng	qing	2
121	明	明	míng	ming	2
122	性	性	xìng	xing	4
123	知	知	zhī	zhi	1
124	全	全	quán	quan	2
125	三	三	sān	san	1
126	又	又	yòu	you	4
127	关	關	guān	guan	1
128	点	點	diǎn	dian	3
129	正	正	zhèng	zheng	4
130	业	業	yè	ye	4
131	外	外	wài	wai	4
132	将	將	jiāng	jiang	1
133	两	兩	liǎng	liang	3
134	高	高	gāo	gao	1
135	间	間	jiān	jian	1
136	由	由	yóu	you	2
137	问	問	wèn	wen	4
138	很	很	hěn	hen	3
139	最	最	zuì	zui	4
140	重	重	zhòng	zhong	4
141	并	並	bìng	bing	4
142	物	物	wù	wu	4
143	手	手	shǒu	shou	3
144	应	應	yīng	ying	1
145	战	戰	zhàn	zhan	4
146	向	向	xiàng	xiang	4
147	头	頭	tóu	tou	2
148	文	文	wén	wen	2
149	体	體	tǐ	ti	3
150	政	政	zhèng	zheng	4
151	美	美	měi	mei	3
152	相	相	xiāng	xiang	1
153	见	見	jiàn	jian	4
154	被	被	bèi	bei	4
155	利	利	lì	li	4
156	什	什	shén	shen	2
157	二	二	èr	er	4
158	等	等	děng	deng	3
159	产	產	chǎn	chan	3
160	或	或	huò	huo	4
161	新	新	xīn	xin	1
162	己	己	jǐ	ji	3
163	制	制	zhì	zhi	4
164	身	身	shēn	shen	1
165	果	果	guǒ	guo	3
166	加	加	jiā	jia	1
167	西	西	xī	xi	1
168	斯	斯	sī	si	1
169	月	月	yuè	yue	4
170	话	話	huà	hua	4
171	合	合	hé	he	2
172	回	回	huí	hui	2
173	特	特	tè	te	4
174	代	代	dài	dai	4
175	内	內	nèi	nei	4
176	信	信	xìn	xin	4
177	表	表	biǎo	biao	3
178	化	化	huà	hua	4
179	老	老	lǎo	lao	3
180	给	給	gěi	gei	3
181	世	世	shì	shi	4
182	位	位	wèi	wei	4
183	次	次	cì	ci	4
184	度	度	dù	du	4
185	门	門	mén	men	2
186	任	任	rèn	ren	4
187	常	常	cháng	chang	2
188	先	先	xiān	xian	1
189	海	海	hǎi	hai	3
190	通	通	tōng	tong	1
191	教	教	jiào	jiao	4
192	儿	兒	ér	er	2
193	原	原	yuán	yuan	2
194	东	東	dōng	dong	1
195	声	聲	shēng	sheng	1
196	提	提	tí	ti	2
197	立	立	lì	li	4
198	及	及	jí	ji	2
199	比	比	bǐ	bi	3
200	员	員	yuán	yuan	2
201	解	解	jiě	jie	3
202	水	水	shuǐ	shui	3
203	名	名	míng	ming	2
204	真	真	zhēn	zhen	1
205	论	論	lùn	lun	4
206	处	處	chù	chu	4
207	走	走	zǒu	zou	3
208	义	義	yì	yi	4
209	各	各	gè	ge	4
210	入	入	rù	ru	4
211	几	幾	jǐ	ji	3
212	口	口	kǒu	kou	3
213	认	認	rèn	ren	4
214	条	條	tiáo	tiao	2
215	平	平	píng	ping	2
216	系	系	xì	xi	4
217	气	氣	qì	qi	4
218	题	題	tí	ti	2
219	活	活	huó	huo	2
220	尔	爾	ěr	er	3
221	更	更	gèng	geng	4
222	别	別	bié	bie	2
223	打	打	dǎ	da	3
224	女	女	nǚ	nü	3
225	变	變	biàn	bian	4
226	四	四	sì	si	4
227	神	神	shén	shen	2
228	总	總	zǒng	zong	3
229	何	何	hé	he	2
230	电	電	diàn	dian	4
231	数	數	shù	shu	4
232	安	安	ān	an	1
233	少	少	shǎo	shao	3
234	报	報	bào	bao	4
235	才	才	cái	cai	2
236	结	結	jié	jie	2
237	反	反	fǎn	fan	3
238	受	受	shòu	shou	4
239	目	目	mù	mu	4
240	太	太	tài	tai	4
241	量	量	liàng	liang	4
242	再	再	zài	zai	4
243	感	感	gǎn	gan	3
244	建	建	jiàn	jian	4
245	务	務	wù	wu	4
246	做	做	zuò	zuo	4
247	接	接	jiē	jie	1
248	必	必	bì	bi	4
249	场	場	chǎng	chang	3
250	件	件	jiàn	jian	4
251	计	計	jì	ji	4
252	管	管	guǎn	guan	3
253	期	期	qī	qi	1
254	市	市	shì	shi	4
255	直	直	zhí	zhi	2
256	德	德	dé	de	2
257	资	資	zī	zi	1
258	命	命	mìng	ming	4
259	山	山	shān	shan	1
260	金	金	jīn	jin	1
261	指	指	zhǐ	zhi	3
262	克	克	kè	ke	4
263	许	許	xǔ	xu	3
264	统	統	tǒng	tong	3
265	区	區	qū	qu	1
266	保	保	bǎo	bao	3
267	至	至	zhì	zhi	4
268	队	隊	duì	dui	4
269	形	形	xíng	xing	2
270	社	社	shè	she	4
271	便	便	biàn	bian	4
272	空	空	kōng	kong	1
273	决	決	jué	jue	2
274	治	治	zhì	zhi	4
275	展	展	zhǎn	zhan	3
276	马	馬	mǎ	ma	3
277	科	科	kē	ke	1
278	司	司	sī	si	1
279	五	五	wǔ	wu	3
280	基	基	jī	ji	1
281	眼	眼	yǎn	yan	3
282	书	書	shū	shu	1
283	非	非	fēi	fei	1
284	则	則	zé	ze	2
285	听	聽	tīng	ting	1
286	白	白	bái	bai	2
287	却	卻	què	que	4
288	界	界	jiè	jie	4
289	达	達	dá	da	2
290	光	光	guāng	guang	1
291	放	放	fàng	fang	4
292	强	強	qiáng	qiang	2
293	即	即	jí	ji	2
294	像	像	xiàng	xiang	4
295	难	難	nán	nan	2
296	且	且	qiě	qie	3
297	权	權	quán	quan	2
298	思	思	sī	si	1
299	王	王	wáng	wang	2
300	象	象	xiàng	xiang	4
301	完	完	wán	wan	2
302	设	設	shè	she	4
303	式	式	shì	shi	4
304	色	色	sè	se	4
305	路	路	lù	lu	4
306	记	記	jì	ji	4
307	南	南	nán	nan	2
308	品	品	pǐn	pin	3
309	住	住	zhù	zhu	4
310	告	告	gào	gao	4
311	类	類	lèi	lei	4
312	求	求	qiú	qiu	2
313	据	據	jù	ju	4
314	程	程	chéng	cheng	2
315	北	北	běi	bei	3
316	边	邊	biān	bian	1
317	死	死	sǐ	si	3
318	张	張	zhāng	zhang	1
319	该	該	gāi	gai	1
320	交	交	jiāo	jiao	1
321	规	規	guī	gui	1
322	万	萬	wàn	wan	4
323	取	取	qǔ	qu	3
324	拉	拉	lā	la	1
325	格	格	gé	ge	2
326	望	望	wàng	wang	4
327	觉	覺	jué	jue	2
328	术	術	shù	shu	4
329	领	領	lǐng	ling	3
330	共	共	gòng	gong	4
331	确	確	què	que	4
332	传	傳	chuán	chuan	2
333	师	師	shī	shi	1
334	观	觀	guān	guan	1
335	清	清	qīng	qing	1
336	今	今	jīn	jin	1
337	切	切	qiè	qie	4
338	院	院	yuàn	yuan	4
339	让	讓	ràng	rang	4
340	识	識	shí	shi	2
341	候	候	hòu	hou	4
342	带	帶	dài	dai	4
343	导	導	dǎo	dao	3
344	争	爭	zhēng	zheng	1
345	运	運	yùn	yun	4
346	笑	笑	xiào	xiao	4
347	飞	飛	fēi	fei	1
348	风	風	fēng	feng	1
349	步	步	bù	bu	4
350	改	改	gǎi	gai	3
351	收	收	shōu	shou	1
352	根	根	gēn	gen	1
353	干	幹	gàn	gan	4
354	造	造	zào	zao	4
355	言	言	yán	yan	2
356	联	聯	lián	lian	2
357	持	持	chí	chi	2
358	组	組	zǔ	zu	3
359	每	每	měi	mei	3
360	济	濟	jì	ji	4
361	车	車	chē	che	1
362	亲	親	qīn	qin	1
363	极	極	jí	ji	2
364	林	林	lín	lin	2
365	服	服	fú	fu	2
366	快	快	kuài	kuai	4
367	办	辦	bàn	ban	4
368	议	議	yì	yi	4
369	往	往	wǎng	wang	3
370	元	元	yuán	yuan	2
371	英	英	yīng	ying	1
372	士	士	shì	shi	4
373	证	證	zhèng	zheng	4
374	近	近	jìn	jin	4
375	失	失	shī	shi	1
376	转	轉	zhuǎn	zhuan	3
377	夫	夫	fū	fu	1
378	令	令	lìng	ling	4
379	准	準	zhǔn	zhun	3
380	布	布	bù	bu	4
381	始	始	shǐ	shi	3
382	怎	怎	zěn	zen	3
383	呢	呢	ne	ne	5
384	存	存	cún	cun	2
385	未	未	wèi	wei	4
386	远	遠	yuǎn	yuan	3
387	叫	叫	jiào	jiao	4
388	台	臺	tái	tai	2
389	单	單	dān	dan	1
390	影	影	yǐng	ying	3
391	具	具	jù	ju	4
392	罗	羅	luō	luo	1
393	字	字	zì	zi	4
394	爱	愛	ài	ai	4
395	击	擊	jī	ji	1
396	流	流	liú	liu	2
397	备	備	bèi	bei	4
398	兵	兵	bīng	bing	1
399	连	連	lián	lian	2
400	调	調	diào	diao	4
401	深	深	shēn	shen	1
402	商	商	shāng	shang	1
403	算	算	suàn	suan	4
404	质	質	zhì	zhi	4
405	团	團	tuán	tuan	2
406	集	集	jí	ji	2
407	百	百	bǎi	bai	3
408	需	需	xū	xu	1
409	价	價	jià	jia	4
410	花	花	huā	hua	1
411	党	黨	dǎng	dang	3
412	华	華	huá	hua	2
413	城	城	chéng	cheng	2
414	石	石	shí	shi	2
415	级	級	jí	ji	2
416	整	整	zhěng	zheng	3
417	府	府	fǔ	fu	3
418	离	離	lí	li	2
419	况	況	kuàng	kuang	4
420	亚	亞	yà	ya	4
421	请	請	qǐng	qing	3
422	技	技	jì	ji	4
423	际	際	jì	ji	4
424	约	約	yuē	yue	1
425	示	示	shì	shi	4
426	复	復	fù	fu	4
427	病	病	bìng	bing	4
428	息	息	xī	xi	1
429	究	究	jiū	jiu	1
430	线	線	xiàn	xian	4
431	似	似	shì	shi	4
432	官	官	guān	guan	1
433	火	火	huǒ	huo	3
434	断	斷	duàn	duan	4
435	精	精	jīng	jing	1
436	满	滿	mǎn	man	3
437	支	支	zhī	zhi	1
438	视	視	shì	shi	4
439	消	消	xiāo	xiao	1
440	越	越	yuè	yue	4
441	器	器	qì	qi	4
442	容	容	róng	rong	2
443	照	照	zhào	zhao	4
444	须	須	xū	xu	1
445	九	九	jiǔ	jiu	3
446	增	增	zēng	zeng	1
447	研	研	yán	yan	2
448	写	寫	xiě	xie	3
449	称	稱	chēng	cheng	1
450	企	企	qǐ	qi	3
451	八	八	bā	ba	1
452	功	功	gōng	gong	1
453	吗	嗎	ma	ma	5
454	包	包	bāo	bao	1
455	片	片	piàn	pian	4
456	史	史	shǐ	shi	3
457	委	委	wěi	wei	3
458	乎	乎	hū	hu	1
459	查	查	chá	cha	2
460	轻	輕	qīng	qing	1
461	易	易	yì	yi	4
462	早	早	zǎo	zao	3
463	曾	曾	céng	ceng	2
464	除	除	chú	chu	2
465	农	農	nóng	nong	2
466	找	找	zhǎo	zhao	3
467	装	裝	zhuāng	zhuang	1
468	广	廣	guǎng	guang	3
469	显	顯	xiǎn	xian	3
470	吧	吧	ba	ba	5
471	阿	阿	ā	a	1
472	李	李	lǐ	li	3
473	标	標	biāo	biao	1
474	谈	談	tán	tan	2
475	吃	喫	chī	chi	1
476	图	圖	tú	tu	2
477	念	念	niàn	nian	4
478	六	六	liù	liu	4
479	引	引	yǐn	yin	3
480	历	歷	lì	li	4
481	首	首	shǒu	shou	3
482	医	醫	yī	yi	1
483	局	局	jú	ju	2
484	突	突	tū	tu	1
485	专	專	zhuān	zhuan	1
486	费	費	fèi	fei	4
487	号	號	hào	hao	4
488	尽	盡	jǐn	jin	3
489	另	另	lìng	ling	4
490	周	周	zhōu	zhou	1
491	较	較	jiào	jiao	4
492	注	注	zhù	zhu	4
493	语	語	yǔ	yu	3
494	仅	僅	jǐn	jin	3
495	考	考	kǎo	kao	3
496	落	落	luò	luo	4
497	青	青	qīng	qing	1
498	随	隨	suí	sui	2
499	选	選	xuǎn	xuan	3
500	列	列	liè	lie	4
501	武	武	wǔ	wu	3
502	红	紅	hóng	hong	2
503	响	響	xiǎng	xiang	3
504	虽	雖	suī	sui	1
505	推	推	tuī	tui	1
506	势	勢	shì	shi	4
507	参	參	cān	can	1
508	希	希	xī	xi	1
509	古	古	gǔ	gu	3
510	众	衆	zhòng	zhong	4
511	构	構	gòu	gou	4
512	房	房	fáng	fang	2
513	半	半	bàn	ban	4
514	节	節	jié	jie	2
515	土	土	tǔ	tu	3
516	投	投	tóu	tou	2
517	某	某	mǒu	mou	3
518	案	案	àn	an	4
519	黑	黑	hēi	hei	1
520	维	維	wéi	wei	2
521	革	革	gé	ge	2
522	划	劃	huà	hua	4
523	敌	敵	dí	di	2
524	致	致	zhì	zhi	4
525	陈	陳	chén	chen	2
526	律	律	lǜ	lü	4
527	足	足	zú	zu	2
528	态	態	tài	tai	4
529	护	護	hù	hu	4
530	七	七	qī	qi	1
531	兴	興	xìng	xing	4
532	派	派	pài	pai	4
533	孩	孩	hái	hai	2
534	验	驗	yàn	yan	4
535	责	責	zé	ze	2
536	营	營	yíng	ying	2
537	星	星	xīng	xing	1
538	够	夠	gòu	gou	4
539	章	章	zhāng	zhang	1
540	音	音	yīn	yin	1
541	跟	跟	gēn	gen	1
542	志	志	zhì	zhi	4
543	底	底	dǐ	di	3
544	站	站	zhàn	zhan	4
545	严	嚴	yán	yan	2
546	巴	巴	bā	ba	1
547	例	例	lì	li	4
548	防	防	fáng	fang	2
549	族	族	zú	zu	2
550	供	供	gōng	gong	1
551	效	效	xiào	xiao	4
552	续	續	xù	xu	4
553	施	施	shī	shi	1
554	留	留	liú	liu	2
555	讲	講	jiǎng	jiang	3
556	型	型	xíng	xing	2
557	料	料	liào	liao	4
558	终	終	zhōng	zhong	1
559	答	答	dá	da	2
560	紧	緊	jǐn	jin	3
561	黄	黃	huáng	huang	2
562	绝	絕	jué	jue	2
563	奇	奇	qí	qi	2
564	察	察	chá	cha	2
565	母	母	mǔ	mu	3
566	京	京	jīng	jing	1
567	段	段	duàn	duan	4
568	依	依	yī	yi	1
569	批	批	pī	pi	1
570	群	羣	qún	qun	2
571	项	項	xiàng	xiang	4
572	故	故	gù	gu	4
573	按	按	àn	an	4
574	河	河	hé	he	2
575	米	米	mǐ	mi	3
576	围	圍	wéi	wei	2
577	江	江	jiāng	jiang	1
578	织	織	zhī	zhi	1
579	害	害	hài	hai	4
580	斗	鬥	dòu	dou	4
581	双	雙	shuāng	shuang	1
582	境	境	jìng	jing	4
583	客	客	kè	ke	4
584	纪	紀	jì	ji	4
585	采	採	cǎi	cai	3
586	举	舉	jǔ	ju	3
587	杀	殺	shā	sha	1
588	攻	攻	gōng	gong	1
589	父	父	fù	fu	4
590	苏	蘇	sū	su	1
591	密	密	mì	mi	4
592	低	低	dī	di	1
593	朝	朝	cháo	chao	2
594	友	友	yǒu	you	3
595	诉	訴	sù	su	4
596	止	止	zhǐ	zhi	3
597	细	細	xì	xi	4
598	愿	願	yuàn	yuan	4
599	千	千	qiān	qian	1
600	值	值	zhí	zhi	2
601	仍	仍	réng	reng	2
602	男	男	nán	nan	2
603	钱	錢	qián	qian	2
604	破	破	pò	po	4
605	网	網	wǎng	wang	3
606	热	熱	rè	re	4
607	助	助	zhù	zhu	4
608	倒	倒	dào	dao	4
609	育	育	yù	yu	4
610	属	屬	shǔ	shu	3
611	坐	坐	zuò	zuo	4
612	帝	帝	dì	di	4
613	限	限	xiàn	xian	4
614	船	船	chuán	chuan	2
615	脸	臉	liǎn	lian	3
616	职	職	zhí	zhi	2
617	速	速	sù	su	4
618	刻	刻	kè	ke	4
619	乐	樂	lè	le	4
620	否	否	fǒu	fou	3
621	刚	剛	gāng	gang	1
622	威	威	wēi	wei	1
623	毛	毛	máo	mao	2
624	状	狀	zhuàng	zhuang	4
625	率	率	lǜ	lü	4
626	甚	甚	shén	shen	2
627	独	獨	dú	du	2
628	球	球	qiú	qiu	2
629	般	般	bān	ban	1
630	普	普	pǔ	pu	3
631	怕	怕	pà	pa	4
632	弹	彈	dàn	dan	4
633	校	校	xiào	xiao	4
634	苦	苦	kǔ	ku	3
635	创	創	chuàng	chuang	4
636	假	假	jiǎ	jia	3
637	久	久	jiǔ	jiu	3
638	错	錯	cuò	cuo	4
639	承	承	chéng	cheng	2
640	印	印	yìn	yin	4
641	晚	晚	wǎn	wan	3
642	兰	蘭	lán	lan	2
643	试	試	shì	shi	4
644	股	股	gǔ	gu	3
645	拿	拿	ná	na	2
646	脑	腦	nǎo	nao	3
647	预	預	yù	yu	4
648	谁	誰	shuí	shui	2
649	益	益	yì	yi	4
650	阳	陽	yáng	yang	2
651	若	若	ruò	ruo	4
652	哪	哪	nǎ	na	3
653	微	微	wēi	wei	1
654	尼	尼	ní	ni	2
655	继	繼	jì	ji	4
656	送	送	sòng	song	4
657	急	急	jí	ji	2
658	血	血	xuè	xue	4
659	惊	驚	jīng	jing	1
660	伤	傷	shāng	shang	1
661	素	素	sù	su	4
662	药	藥	yào	yao	4
663	适	適	shì	shi	4
664	波	波	bō	bo	1
665	夜	夜	yè	ye	4
666	省	省	shěng	sheng	3
667	初	初	chū	chu	1
668	喜	喜	xǐ	xi	3
669	卫	衛	wèi	wei	4
670	源	源	yuán	yuan	2
671	食	食	shí	shi	2
672	险	險	xiǎn	xian	3
673	待	待	dài	dai	4
674	述	述	shù	shu	4
675	陆	陸	lù	lu	4
676	习	習	xí	xi	2
677	置	置	zhì	zhi	4
678	居	居	jū	ju	1
679	劳	勞	láo	lao	2
680	财	財	cái	cai	2
681	环	環	huán	huan	2
682	排	排	pái	pai	2
683	福	福	fú	fu	2
684	纳	納	nà	na	4
685	欢	歡	huān	huan	1
686	雷	雷	léi	lei	2
687	警	警	jǐng	jing	3
688	获	獲	huò	huo	4
689	模	模	mó	mo	2
690	充	充	chōng	chong	1
691	负	負	fù	fu	4
692	云	雲	yún	yun	2
693	停	停	tíng	ting	2
694	木	木	mù	mu	4
695	游	遊	yóu	you	2
696	龙	龍	lóng	long	2
697	树	樹	shù	shu	4
698	疑	疑	yí	yi	2
699	层	層	céng	ceng	2
700	冷	冷	lěng	leng	3
701	洲	洲	zhōu	zhou	1
702	冲	衝	chōng	chong	1
703	射	射	shè	she	4
704	略	略	lüè	lüe	4
705	范	範	fàn	fan	4
706	竟	竟	jìng	jing	4
707	句	句	jù	ju	4
708	室	室	shì	shi	4
709	异	異	yì	yi	4
710	激	激	jī	ji	1
711	汉	漢	hàn	han	4
712	村	村	cūn	cun	1
713	哈	哈	hā	ha	1
714	策	策	cè	ce	4
715	演	演	yǎn	yan	3
716	简	簡	jiǎn	jian	3
717	卡	卡	kǎ	ka	3
718	罪	罪	zuì	zui	4
719	判	判	pàn	pan	4
720	担	擔	dān	dan	1
721	州	州	zhōu	zhou	1
722	静	靜	jìng	jing	4
723	退	退	tuì	tui	4
724	既	既	jì	ji	4
725	衣	衣	yī	yi	1
726	您	您	nín	nin	2
727	宗	宗	zōng	zong	1
728	积	積	jī	ji	1
729	余	餘	yú	yu	2
730	痛	痛	tòng	tong	4
731	检	檢	jiǎn	jian	3
732	差	差	chà	cha	4
733	富	富	fù	fu	4
734	灵	靈	líng	ling	2
735	协	協	xié	xie	2
736	角	角	jiǎo	jiao	3
737	占	佔	zhàn	zhan	4
738	配	配	pèi	pei	4
739	征	徵	zhēng	zheng	1
740	修	修	xiū	xiu	1
741	皮	皮	pí	pi	2
742	挥	揮	huī	hui	1
743	胜	勝	shèng	sheng	4
744	降	降	jiàng	jiang	4
745	阶	階	jiē	jie	1
746	审	審	shěn	shen	3
747	沉	沉	chén	chen	2
748	坚	堅	jiān	jian	1
749	善	善	shàn	shan	4
750	妈	媽	mā	ma	1
751	刘	劉	liú	liu	2
752	读	讀	dú	du	2
753	啊	啊	a	a	5
754	超	超	chāo	chao	1
755	免	免	miǎn	mian	3
756	压	壓	yā	ya	1
757	银	銀	yín	yin	2
758	买	買	mǎi	mai	3
759	皇	皇	huáng	huang	2
760	养	養	yǎng	yang	3
761	伊	伊	yī	yi	1
762	怀	懷	huái	huai	2
763	执	執	zhí	zhi	2
764	副	副	fù	fu	4
765	乱	亂	luàn	luan	4
766	抗	抗	kàng	kang	4
767	犯	犯	fàn	fan	4
768	追	追	zhuī	zhui	1
769	帮	幫	bāng	bang	1
770	宣	宣	xuān	xuan	1
771	佛	佛	fú	fu	2
772	岁	歲	suì	sui	4
773	航	航	háng	hang	2
774	优	優	yōu	you	1
775	怪	怪	guài	guai	4
776	香	香	xiāng	xiang	1
777	著	著	zhe	zhe	5
778	田	田	tián	tian	2
779	铁	鐵	tiě	tie	3
780	控	控	kòng	kong	4
781	税	稅	shuì	shui	4
782	左	左	zuǒ	zuo	3
783	右	右	yòu	you	4
784	份	份	fèn	fen	4
785	穿	穿	chuān	chuan	1
786	艺	藝	yì	yi	4
787	背	背	bèi	bei	4
788	阵	陣	zhèn	zhen	4
789	草	草	cǎo	cao	3
790	脚	腳	jiǎo	jiao	3
791	概	概	gài	gai	4
792	恶	惡	è	e	4
793	块	塊	kuài	kuai	4
794	顿	頓	dùn	dun	4
795	敢	敢	gǎn	gan	3
796	守	守	shǒu	shou	3
797	酒	酒	jiǔ	jiu	3
798	岛	島	dǎo	dao	3
799	托	託	tuō	tuo	1
800	央	央	yāng	yang	1
801	户	戶	hù	hu	4
802	烈	烈	liè	lie	4
803	洋	洋	yáng	yang	2
804	哥	哥	gē	ge	1
805	索	索	suǒ	suo	3
806	胡	胡	hú	hu	2
807	款	款	kuǎn	kuan	3
808	靠	靠	kào	kao	4
809	评	評	píng	ping	2
810	版	版	bǎn	ban	3
811	宝	寶	bǎo	bao	3
812	座	座	zuò	zuo	4
813	释	釋	shì	shi	4
814	景	景	jǐng	jing	3
815	顾	顧	gù	gu	4
816	弟	弟	dì	di	4
817	登	登	dēng	deng	1
818	货	貨	huò	huo	4
819	互	互	hù	hu	4
820	付	付	fù	fu	4
821	伯	伯	bó	bo	2
822	慢	慢	màn	man	4
823	欧	歐	ōu	ou	1
824	换	換	huàn	huan	4
825	闻	聞	wén	wen	2
826	危	危	wēi	wei	1
827	忙	忙	máng	mang	2
828	核	核	hé	he	2
829	暗	暗	àn	an	4
830	姐	姐	jiě	jie	3
831	介	介	jiè	jie	4
832	坏	壞	huài	huai	4
833	讨	討	tǎo	tao	3
834	丽	麗	lì	li	4
835	良	良	liáng	liang	2
836	序	序	xù	xu	4
837	升	升	shēng	sheng	1
838	监	監	jiān	jian	1
839	临	臨	lín	lin	2
840	亮	亮	liàng	liang	4
841	露	露	lù	lu	4
842	永	永	yǒng	yong	3
843	呼	呼	hū	hu	1
844	味	味	wèi	wei	4
845	野	野	yě	ye	3
846	架	架	jià	jia	4
847	域	域	yù	yu	4
848	沙	沙	shā	sha	1
849	掉	掉	diào	diao	4
850	括	括	kuò	kuo	4
851	舰	艦	jiàn	jian	4
852	鱼	魚	yú	yu	2
853	杂	雜	zá	za	2
854	误	誤	wù	wu	4
855	湾	灣	wān	wan	1
856	吉	吉	jí	ji	2
857	减	減	jiǎn	jian	3
858	编	編	biān	bian	1
859	楚	楚	chǔ	chu	3
860	肯	肯	kěn	ken	3
861	测	測	cè	ce	4
862	败	敗	bài	bai	4
863	屋	屋	wū	wu	1
864	跑	跑	pǎo	pao	3
865	梦	夢	mèng	meng	4
866	散	散	sàn	san	4
867	温	溫	wēn	wen	1
868	困	困	kùn	kun	4
869	剑	劍	jiàn	jian	4
870	渐	漸	jiàn	jian	4
871	封	封	fēng	feng	1
872	救	救	jiù	jiu	4
873	贵	貴	guì	gui	4
874	枪	槍	qiāng	qiang	1
875	缺	缺	quē	que	1
876	楼	樓	lóu	lou	2
877	县	縣	xiàn	xian	4
878	尚	尚	shàng	shang	4
879	毫	毫	háo	hao	2
880	移	移	yí	yi	2
881	娘	娘	niáng	niang	2
882	朋	朋	péng	peng	2
883	画	畫	huà	hua	4
884	班	班	bān	ban	1
885	智	智	zhì	zhi	4
886	亦	亦	yì	yi	4
887	耳	耳	ěr	er	3
888	恩	恩	ēn	en	1
889	短	短	duǎn	duan	3
890	掌	掌	zhǎng	zhang	3
891	恐	恐	kǒng	kong	3
892	遗	遺	yí	yi	2
893	固	固	gù	gu	4
894	席	席	xí	xi	2
895	松	松	sōng	song	1
896	秘	祕	mì	mi	4
897	谢	謝	xiè	xie	4
898	鲁	魯	lǔ	lu	3
899	遇	遇	yù	yu	4
900	康	康	kāng	kang	1
901	虑	慮	lǜ	lü	4
902	幸	幸	xìng	xing	4
903	均	均	jūn	jun	1
904	销	銷	xiāo	xiao	1
905	钟	鍾	zhōng	zhong	1
906	诗	詩	shī	shi	1
907	藏	藏	cáng	cang	2
908	赶	趕	gǎn	gan	3
909	剧	劇	jù	ju	4
910	票	票	piào	piao	4
911	损	損	sǔn	sun	3
912	忽	忽	hū	hu	1
913	巨	巨	jù	ju	4
914	炮	炮	pào	pao	4
915	旧	舊	jiù	jiu	4
916	端	端	duān	duan	1
917	探	探	tàn	tan	4
918	湖	湖	hú	hu	2
919	录	錄	lù	lu	4
920	叶	葉	yè	ye	4
921	春	春	chūn	chun	1
922	乡	鄉	xiāng	xiang	1
923	附	附	fù	fu	4
924	吸	吸	xī	xi	1
925	予	予	yǔ	yu	3
926	礼	禮	lǐ	li	3
927	港	港	gǎng	gang	3
928	雨	雨	yǔ	yu	3
929	呀	呀	ya	ya	5
930	板	板	bǎn	ban	3
931	庭	庭	tíng	ting	2
932	妇	婦	fù	fu	4
933	归	歸	guī	gui	1
934	睛	睛	jīng	jing	1
935	饭	飯	fàn	fan	4
936	额	額	é	e	2
937	含	含	hán	han	2
938	顺	順	shùn	shun	4
939	输	輸	shū	shu	1
940	摇	搖	yáo	yao	2
941	招	招	zhāo	zhao	1
942	婚	婚	hūn	hun	1
943	脱	脫	tuō	tuo	1
944	补	補	bǔ	bu	3
945	谓	謂	wèi	wei	4
946	督	督	dū	du	1
947	毒	毒	dú	du	2
948	油	油	yóu	you	2
949	疗	療	liáo	liao	2
950	旅	旅	lǚ	lü	3
951	泽	澤	zé	ze	2
952	材	材	cái	cai	2
953	灭	滅	miè	mie	4
954	逐	逐	zhú	zhu	2
955	莫	莫	mò	mo	4
956	笔	筆	bǐ	bi	3
957	亡	亡	wáng	wang	2
958	鲜	鮮	xiān	xian	1
959	词	詞	cí	ci	2
960	圣	聖	shèng	sheng	4
961	择	擇	zé	ze	2
962	寻	尋	xún	xun	2
963	厂	廠	chǎng	chang	3
964	睡	睡	shuì	shui	4
965	博	博	bó	bo	2
966	勒	勒	lēi	lei	1
967	烟	煙	yān	yan	1
968	授	授	shòu	shou	4
969	诺	諾	nuò	nuo	4
970	伦	倫	lún	lun	2
971	岸	岸	àn	an	4
972	奥	奧	ào	ao	4
973	唐	唐	táng	tang	2
974	卖	賣	mài	mai	4
975	俄	俄	é	e	2
976	炸	炸	zhà	zha	4
977	载	載	zài	zai	4
978	洛	洛	luò	luo	4
979	健	健	jiàn	jian	4
980	堂	堂	táng	tang	2
981	旁	旁	páng	pang	2
982	宫	宮	gōng	gong	1
983	喝	喝	hē	he	1
984	借	借	jiè	jie	4
985	君	君	jūn	jun	1
986	禁	禁	jìn	jin	4
987	阴	陰	yīn	yin	1
988	园	園	yuán	yuan	2
989	谋	謀	móu	mou	2
990	宋	宋	sòng	song	4
991	避	避	bì	bi	4
992	抓	抓	zhuā	zhua	1
993	荣	榮	róng	rong	2
994	姑	姑	gū	gu	1
995	孙	孫	sūn	sun	1
996	逃	逃	táo	tao	2
997	牙	牙	yá	ya	2
998	束	束	shù	shu	4
999	跳	跳	tiào	tiao	4
1000	顶	頂	dǐng	ding	3
1001	玉	玉	yù	yu	4
1002	镇	鎮	zhèn	zhen	4
1003	雪	雪	xuě	xue	3
1004	午	午	wǔ	wu	3
1005	练	練	liàn	lian	4
1006	迫	迫	pò	po	4
1007	爷	爺	yé	ye	2
1008	篇	篇	piān	pian	1
1009	肉	肉	ròu	rou	4
1010	嘴	嘴	zuǐ	zui	3
1011	馆	館	guǎn	guan	3
1012	遍	遍	biàn	bian	4
1013	凡	凡	fán	fan	2
1014	础	礎	chǔ	chu	3
1015	洞	洞	dòng	dong	4
1016	卷	卷	juǎn	juan	3
1017	坦	坦	tǎn	tan	3
1018	牛	牛	niú	niu	2
1019	宁	寧	níng	ning	2
1020	纸	紙	zhǐ	zhi	3
1021	诸	諸	zhū	zhu	1
1022	训	訓	xùn	xun	4
1023	私	私	sī	si	1
1024	庄	莊	zhuāng	zhuang	1
1025	祖	祖	zǔ	zu	3
1026	丝	絲	sī	si	1
1027	翻	翻	fān	fan	1
1028	暴	暴	bào	bao	4
1029	森	森	sēn	sen	1
1030	塔	塔	tǎ	ta	3
1031	默	默	mò	mo	4
1032	握	握	wò	wo	4
1033	戏	戲	xì	xi	4
1034	隐	隱	yǐn	yin	3
1035	熟	熟	shú	shu	2
1036	骨	骨	gǔ	gu	3
1037	访	訪	fǎng	fang	3
1038	弱	弱	ruò	ruo	4
1039	蒙	蒙	méng	meng	2
1040	歌	歌	gē	ge	1
1041	店	店	diàn	dian	4
1042	鬼	鬼	guǐ	gui	3
1043	软	軟	ruǎn	ruan	3
1044	典	典	diǎn	dian	3
1045	欲	欲	yù	yu	4
1046	萨	薩	sà	sa	4
1047	伙	夥	huǒ	huo	3
1048	遭	遭	zāo	zao	1
1049	盘	盤	pán	pan	2
1050	爸	爸	bà	ba	4
1051	扩	擴	kuò	kuo	4
1052	盖	蓋	gài	gai	4
1053	弄	弄	nòng	nong	4
1054	雄	雄	xióng	xiong	2
1055	稳	穩	wěn	wen	3
1056	忘	忘	wàng	wang	4
1057	亿	億	yì	yi	4
1058	刺	刺	cì	ci	4
1059	拥	擁	yōng	yong	1
1060	徒	徒	tú	tu	2
1061	姆	姆	mǔ	mu	3
1062	杨	楊	yáng	yang	2
1063	齐	齊	qí	qi	2
1064	赛	賽	sài	sai	4
1065	趣	趣	qù	qu	4
1066	曲	曲	qū	qu	1
1067	刀	刀	dāo	dao	1
1068	床	牀	chuáng	chuang	2
1069	迎	迎	yíng	ying	2
1070	冰	冰	bīng	bing	1
1071	虚	虛	xū	xu	1
1072	玩	玩	wán	wan	2
1073	析	析	xī	xi	1
1074	窗	窗	chuāng	chuang	1
1075	醒	醒	xǐng	xing	3
1076	妻	妻	qī	qi	1
1077	透	透	tòu	tou	4
1078	购	購	gòu	gou	4
1079	替	替	tì	ti	4
1080	塞	塞	sāi	sai	1
1081	努	努	nǔ	nu	3
1082	休	休	xiū	xiu	1
1083	虎	虎	hǔ	hu	3
1084	扬	揚	yáng	yang	2
1085	途	途	tú	tu	2
1086	侵	侵	qīn	qin	1
1087	刑	刑	xíng	xing	2
1088	绿	綠	lǜ	lü	4
1089	兄	兄	xiōng	xiong	1
1090	迅	迅	xùn	xun	4
1091	套	套	tào	tao	4
1092	贸	貿	mào	mao	4
1093	毕	畢	bì	bi	4
1094	唯	唯	wéi	wei	2
1095	谷	谷	gǔ	gu	3
1096	轮	輪	lún	lun	2
1097	库	庫	kù	ku	4
1098	迹	跡	jī	ji	1
1099	尤	尤	yóu	you	2
1100	竞	競	jìng	jing	4
1101	街	街	jiē	jie	1
1102	促	促	cù	cu	4
1103	延	延	yán	yan	2
1104	震	震	zhèn	zhen	4
1105	弃	棄	qì	qi	4
1106	甲	甲	jiǎ	jia	3
1107	伟	偉	wěi	wei	3
1108	麻	麻	má	ma	2
1109	川	川	chuān	chuan	1
1110	申	申	shēn	shen	1
1111	缓	緩	huǎn	huan	3
1112	潜	潛	qián	qian	2
1113	闪	閃	shǎn	shan	3
1114	售	售	shòu	shou	4
1115	灯	燈	dēng	deng	1
1116	针	針	zhēn	zhen	1
1117	哲	哲	zhé	zhe	2
1118	络	絡	luò	luo	4
1119	抵	抵	dǐ	di	3
1120	朱	朱	zhū	zhu	1
1121	埃	埃	āi	ai	1
1122	抱	抱	bào	bao	4
1123	鼓	鼓	gǔ	gu	3
1124	植	植	zhí	zhi	2
1125	纯	純	chún	chun	2
1126	夏	夏	xià	xia	4
1127	忍	忍	rěn	ren	3
1128	页	頁	yè	ye	4
1129	杰	傑	jié	jie	2
1130	筑	築	zhù	zhu	4
1131	折	折	zhé	zhe	2
1132	郑	鄭	zhèng	zheng	4
1133	贝	貝	bèi	bei	4
1134	尊	尊	zūn	zun	1
1135	吴	吳	wú	wu	2
1136	秀	秀	xiù	xiu	4
1137	混	混	hùn	hun	4
1138	臣	臣	chén	chen	2
1139	雅	雅	yǎ	ya	3
1140	振	振	zhèn	zhen	4
1141	染	染	rǎn	ran	3
1142	盛	盛	shèng	sheng	4
1143	怒	怒	nù	nu	4
1144	舞	舞	wǔ	wu	3
1145	圆	圓	yuán	yuan	2
1146	搞	搞	gǎo	gao	3
1147	狂	狂	kuáng	kuang	2
1148	措	措	cuò	cuo	4
1149	姓	姓	xìng	xing	4
1150	残	殘	cán	can	2
1151	秋	秋	qiū	qiu	1
1152	培	培	péi	pei	2
1153	迷	迷	mí	mi	2
1154	诚	誠	chéng	cheng	2
1155	宽	寬	kuān	kuan	1
1156	宇	宇	yǔ	yu	3
1157	猛	猛	měng	meng	3
1158	摆	擺	bǎi	bai	3
1159	梅	梅	méi	mei	2
1160	毁	毀	huǐ	hui	3
1161	伸	伸	shēn	shen	1
1162	摩	摩	mó	mo	2
1163	盟	盟	méng	meng	2
1164	末	末	mò	mo	4
1165	乃	乃	nǎi	nai	3
1166	悲	悲	bēi	bei	1
1167	拍	拍	pāi	pai	1
1168	丁	丁	dīng	ding	1
1169	赵	趙	zhào	zhao	4
1170	硬	硬	yìng	ying	4
1171	麦	麥	mài	mai	4
1172	蒋	蔣	jiǎng	jiang	3
1173	操	操	cāo	cao	1
1174	耶	耶	yé	ye	2
1175	阻	阻	zǔ	zu	3
1176	订	訂	dìng	ding	4
1177	彩	彩	cǎi	cai	3
1178	抽	抽	chōu	chou	1
1179	赞	贊	zàn	zan	4
1180	魔	魔	mó	mo	2
1181	纷	紛	fēn	fen	1
1182	沿	沿	yán	yan	2
1183	喊	喊	hǎn	han	3
1184	违	違	wéi	wei	2
1185	妹	妹	mèi	mei	4
1186	浪	浪	làng	lang	4
1187	汇	匯	huì	hui	4
1188	币	幣	bì	bi	4
1189	丰	豐	fēng	feng	1
1190	蓝	藍	lán	lan	2
1191	殊	殊	shū	shu	1
1192	献	獻	xiàn	xian	4
1193	桌	桌	zhuō	zhuo	1
1194	啦	啦	la	la	5
1195	瓦	瓦	wǎ	wa	3
1196	莱	萊	lái	lai	2
1197	援	援	yuán	yuan	2
1198	译	譯	yì	yi	4
1199	夺	奪	duó	duo	2
1200	汽	汽	qì	qi	4
1201	烧	燒	shāo	shao	1
1202	距	距	jù	ju	4
1203	裁	裁	cái	cai	2
1204	偏	偏	piān	pian	1
1205	符	符	fú	fu	2
1206	勇	勇	yǒng	yong	3
1207	触	觸	chù	chu	4
1208	课	課	kè	ke	4
1209	敬	敬	jìng	jing	4
1210	哭	哭	kū	ku	1
1211	懂	懂	dǒng	dong	3
1212	墙	牆	qiáng	qiang	2
1213	袭	襲	xí	xi	2
1214	召	召	zhào	zhao	4
1215	罚	罰	fá	fa	2
1216	侠	俠	xiá	xia	2
1217	厅	廳	tīng	ting	1
1218	拜	拜	bài	bai	4
1219	巧	巧	qiǎo	qiao	3
1220	侧	側	cè	ce	4
1221	韩	韓	hán	han	2
1222	冒	冒	mào	mao	4
1223	债	債	zhài	zhai	4
1224	曼	曼	màn	man	4
1225	融	融	róng	rong	2
1226	惯	慣	guàn	guan	4
1227	享	享	xiǎng	xiang	3
1228	戴	戴	dài	dai	4
1229	童	童	tóng	tong	2
1230	犹	猶	yóu	you	2
1231	乘	乘	chéng	cheng	2
1232	挂	掛	guà	gua	4
1233	奖	獎	jiǎng	jiang	3
1234	绍	紹	shào	shao	4
1235	厚	厚	hòu	hou	4
1236	纵	縱	zòng	zong	4
1237	障	障	zhàng	zhang	4
1238	讯	訊	xùn	xun	4
1239	涉	涉	shè	she	4
1240	彻	徹	chè	che	4
1241	刊	刊	kān	kan	1
1242	丈	丈	zhàng	zhang	4
1243	爆	爆	bào	bao	4
1244	乌	烏	wū	wu	1
1245	役	役	yì	yi	4
1246	描	描	miáo	miao	2
1247	洗	洗	xǐ	xi	3
1248	玛	瑪	mǎ	ma	3
1249	患	患	huàn	huan	4
1250	妙	妙	miào	miao	4
1251	镜	鏡	jìng	jing	4
1252	唱	唱	chàng	chang	4
1253	烦	煩	fán	fan	2
1254	签	籤	qiān	qian	1
1255	仙	仙	xiān	xian	1
1256	彼	彼	bǐ	bi	3
1257	弗	弗	fú	fu	2
1258	症	症	zhèng	zheng	4
1259	仿	仿	fǎng	fang	3
1260	倾	傾	qīng	qing	1
1261	牌	牌	pái	pai	2
1262	陷	陷	xiàn	xian	4
1263	鸟	鳥	niǎo	niao	3
1264	轰	轟	hōng	hong	1
1265	咱	咱	zán	zan	2
1266	菜	菜	cài	cai	4
1267	闭	閉	bì	bi	4
1268	奋	奮	fèn	fen	4
1269	庆	慶	qìng	qing	4
1270	撤	撤	chè	che	4
1271	泪	淚	lèi	lei	4
1272	茶	茶	chá	cha	2
1273	疾	疾	jí	ji	2
1274	缘	緣	yuán	yuan	2
1275	播	播	bō	bo	1
1276	朗	朗	lǎng	lang	3
1277	杜	杜	dù	du	4
1278	奶	奶	nǎi	nai	3
1279	季	季	jì	ji	4
1280	丹	丹	dān	dan	1
1281	狗	狗	gǒu	gou	3
1282	尾	尾	wěi	wei	3
1283	仪	儀	yí	yi	2
1284	偷	偷	tōu	tou	1
1285	奔	奔	bēn	ben	1
1286	珠	珠	zhū	zhu	1
1287	虫	蟲	chóng	chong	2
1288	驻	駐	zhù	zhu	4
1289	孔	孔	kǒng	kong	3
1290	宜	宜	yí	yi	2
1291	艾	艾	ài	ai	4
1292	桥	橋	qiáo	qiao	2
1293	淡	淡	dàn	dan	4
1294	翼	翼	yì	yi	4
1295	恨	恨	hèn	hen	4
1296	繁	繁	fán	fan	2
1297	寒	寒	hán	han	2
1298	伴	伴	bàn	ban	4
1299	叹	嘆	tàn	tan	4
1300	旦	旦	dàn	dan	4
1301	愈	愈	yù	yu	4
1302	潮	潮	cháo	chao	2
1303	粮	糧	liáng	liang	2
1304	缩	縮	suō	suo	1
1305	罢	罷	bà	ba	4
1306	聚	聚	jù	ju	4
1307	径	徑	jìng	jing	4
1308	恰	恰	qià	qia	4
1309	挑	挑	tiāo	tiao	1
1310	袋	袋	dài	dai	4
1311	灰	灰	huī	hui	1
1312	捕	捕	bǔ	bu	3
1313	徐	徐	xú	xu	2
1314	珍	珍	zhēn	zhen	1
1315	幕	幕	mù	mu	4
1316	映	映	yìng	ying	4
1317	裂	裂	liè	lie	4
1318	泰	泰	tài	tai	4
1319	隔	隔	gé	ge	2
1320	启	啓	qǐ	qi	3
1321	尖	尖	jiān	jian	1
1322	忠	忠	zhōng	zhong	1
1323	累	累	lèi	lei	4
1324	炎	炎	yán	yan	2
1325	暂	暫	zàn	zan	4
1326	估	估	gū	gu	1
1327	泛	泛	fàn	fan	4
1328	荒	荒	huāng	huang	1
1329	偿	償	cháng	chang	2
1330	横	橫	héng	heng	2
1331	拒	拒	jù	ju	4
1332	瑞	瑞	ruì	rui	4
1333	忆	憶	yì	yi	4
1334	孤	孤	gū	gu	1
1335	鼻	鼻	bí	bi	2
1336	闹	鬧	nào	nao	4
1337	羊	羊	yáng	yang	2
1338	呆	呆	dāi	dai	1
1339	厉	厲	lì	li	4
1340	衡	衡	héng	heng	2
1341	胞	胞	bāo	bao	1
1342	零	零	líng	ling	2
1343	穷	窮	qióng	qiong	2
1344	舍	舍	shě	she	3
1345	码	碼	mǎ	ma	3
1346	赫	赫	hè	he	4
1347	婆	婆	pó	po	2
1348	魂	魂	hún	hun	2
1349	灾	災	zāi	zai	1
1350	洪	洪	hóng	hong	2
1351	腿	腿	tuǐ	tui	3
1352	胆	膽	dǎn	dan	3
1353	津	津	jīn	jin	1
1354	俗	俗	sú	su	2
1355	辩	辯	biàn	bian	4
1356	胸	胸	xiōng	xiong	1
1357	晓	曉	xiǎo	xiao	3
1358	劲	勁	jìn	jin	4
1359	贫	貧	pín	pin	2
1360	仁	仁	rén	ren	2
1361	偶	偶	ǒu	ou	3
1362	辑	輯	jí	ji	2
1363	邦	邦	bāng	bang	1
1364	恢	恢	huī	hui	1
1365	赖	賴	lài	lai	4
1366	圈	圈	quān	quan	1
1367	摸	摸	mō	mo	1
1368	仰	仰	yǎng	yang	3
1369	润	潤	rùn	run	4
1370	堆	堆	duī	dui	1
1371	碰	碰	pèng	peng	4
1372	艇	艇	tǐng	ting	3
1373	稍	稍	shāo	shao	1
1374	迟	遲	chí	chi	2
1375	辆	輛	liàng	liang	4
1376	废	廢	fèi	fei	4
1377	净	淨	jìng	jing	4
1378	凶	兇	xiōng	xiong	1
1379	署	署	shǔ	shu	3
1380	壁	壁	bì	bi	4
1381	御	御	yù	yu	4
1382	奉	奉	fèng	feng	4
1383	旋	旋	xuán	xuan	2
1384	冬	冬	dōng	dong	1
1385	矿	礦	kuàng	kuang	4
1386	抬	抬	tái	tai	2
1387	蛋	蛋	dàn	dan	4
1388	晨	晨	chén	chen	2
1389	伏	伏	fú	fu	2
1390	吹	吹	chuī	chui	1
1391	鸡	雞	jī	ji	1
1392	倍	倍	bèi	bei	4
1393	糊	糊	hú	hu	2
1394	秦	秦	qín	qin	2
1395	盾	盾	dùn	dun	4
1396	杯	杯	bēi	bei	1
1397	租	租	zū	zu	1
1398	骑	騎	qí	qi	2
1399	乏	乏	fá	fa	2
1400	隆	隆	lóng	long	2
1401	诊	診	zhěn	zhen	3
1402	奴	奴	nú	nu	2
1403	摄	攝	shè	she	4
1404	丧	喪	sàng	sang	4
1405	污	污	wū	wu	1
1406	渡	渡	dù	du	4
1407	旗	旗	qí	qi	2
1408	甘	甘	gān	gan	1
1409	耐	耐	nài	nai	4
1410	凭	憑	píng	ping	2
1411	扎	扎	zhā	zha	1
1412	抢	搶	qiǎng	qiang	3
1413	绪	緒	xù	xu	4
1414	粗	粗	cū	cu	1
1415	肩	肩	jiān	jian	1
1416	梁	梁	liáng	liang	2
1417	幻	幻	huàn	huan	4
1418	菲	菲	fēi	fei	1
1419	皆	皆	jiē	jie	1
1420	碎	碎	suì	sui	4
1421	宙	宙	zhòu	zhou	4
1422	叔	叔	shū	shu	1
1423	岩	巖	yán	yan	2
1424	荡	蕩	dàng	dang	4
1425	综	綜	zōng	zong	1
1426	爬	爬	pá	pa	2
1427	荷	荷	hé	he	2
1428	悉	悉	xī	xi	1
1429	蒂	蒂	dì	di	4
1430	返	返	fǎn	fan	3
1431	井	井	jǐng	jing	3
1432	壮	壯	zhuàng	zhuang	4
1433	薄	薄	báo	bao	2
1434	悄	悄	qiāo	qiao	1
1435	扫	掃	sǎo	sao	3
1436	敏	敏	mǐn	min	3
1437	碍	礙	ài	ai	4
1438	殖	殖	zhí	zhi	2
1439	详	詳	xiáng	xiang	2
1440	迪	迪	dí	di	2
1441	矛	矛	máo	mao	2
1442	霍	霍	huò	huo	4
1443	允	允	yǔn	yun	3
1444	幅	幅	fú	fu	2
1445	撒	撒	sā	sa	1
1446	剩	剩	shèng	sheng	4
1447	凯	凱	kǎi	kai	3
1448	颗	顆	kē	ke	1
1449	骂	罵	mà	ma	4
1450	赏	賞	shǎng	shang	3
1451	液	液	yè	ye	4
1452	番	番	fān	fan	1
1453	箱	箱	xiāng	xiang	1
1454	贴	貼	tiē	tie	1
1455	漫	漫	màn	man	4
1456	酸	酸	suān	suan	1
1457	郎	郎	láng	lang	2
1458	腰	腰	yāo	yao	1
1459	舒	舒	shū	shu	1
1460	眉	眉	méi	mei	2
1461	忧	憂	yōu	you	1
1462	浮	浮	fú	fu	2
1463	辛	辛	xīn	xin	1
1464	恋	戀	liàn	lian	4
1465	餐	餐	cān	can	1
1466	吓	嚇	xià	xia	4
1467	挺	挺	tǐng	ting	3
1468	励	勵	lì	li	4
1469	辞	辭	cí	ci	2
1470	艘	艘	sōu	sou	1
1471	键	鍵	jiàn	jian	4
1472	伍	伍	wǔ	wu	3
1473	峰	峯	fēng	feng	1
1474	尺	尺	chǐ	chi	3
1475	昨	昨	zuó	zuo	2
1476	黎	黎	lí	li	2
1477	辈	輩	bèi	bei	4
1478	贯	貫	guàn	guan	4
1479	侦	偵	zhēn	zhen	1
1480	滑	滑	huá	hua	2
1481	券	券	quàn	quan	4
1482	崇	崇	chóng	chong	2
1483	扰	擾	rǎo	rao	3
1484	宪	憲	xiàn	xian	4
1485	绕	繞	rào	rao	4
1486	趋	趨	qū	qu	1
1487	慈	慈	cí	ci	2
1488	乔	喬	qiáo	qiao	2
1489	阅	閱	yuè	yue	4
1490	汗	汗	hàn	han	4
1491	枝	枝	zhī	zhi	1
1492	拖	拖	tuō	tuo	1
1493	墨	墨	mò	mo	4
1494	胁	脅	xié	xie	2
1495	插	插	chā	cha	1
1496	箭	箭	jiàn	jian	4
1497	腊	臘	là	la	4
1498	粉	粉	fěn	fen	3
1499	泥	泥	ní	ni	2
1500	氏	氏	shì	shi	4
1501	彭	彭	péng	peng	2
1502	拔	拔	bá	ba	2
1503	骗	騙	piàn	pian	4
1504	凤	鳳	fèng	feng	4
1505	慧	慧	huì	hui	4
1506	媒	媒	méi	mei	2
1507	佩	佩	pèi	pei	4
1508	愤	憤	fèn	fen	4
1509	扑	撲	pū	pu	1
1510	龄	齡	líng	ling	2
1511	驱	驅	qū	qu	1
1512	惜	惜	xī	xi	1
1513	豪	豪	háo	hao	2
1514	掩	掩	yǎn	yan	3
1515	兼	兼	jiān	jian	1
1516	跃	躍	yuè	yue	4
1517	尸	屍	shī	shi	1
1518	肃	肅	sù	su	4
1519	帕	帕	pà	pa	4
1520	驶	駛	shǐ	shi	3
1521	堡	堡	bǎo	bao	3
1522	届	屆	jiè	jie	4
1523	欣	欣	xīn	xin	1
1524	惠	惠	huì	hui	4
1525	册	冊	cè	ce	4
1526	储	儲	chǔ	chu	3
1527	飘	飄	piāo	piao	1
1528	桑	桑	sāng	sang	1
1529	闲	閒	xián	xian	2
1530	惨	慘	cǎn	can	3
1531	洁	潔	jié	jie	2
1532	踪	蹤	zōng	zong	1
1533	勃	勃	bó	bo	2
1534	宾	賓	bīn	bin	1
1535	频	頻	pín	pin	2
1536	仇	仇	chóu	chou	2
1537	磨	磨	mó	mo	2
1538	递	遞	dì	di	4
1539	邪	邪	xié	xie	2
1540	撞	撞	zhuàng	zhuang	4
1541	拟	擬	nǐ	ni	3
1542	滚	滾	gǔn	gun	3
1543	奏	奏	zòu	zou	4
1544	巡	巡	xún	xun	2
1545	颜	顏	yán	yan	2
1546	剂	劑	jì	ji	4
1547	绩	績	jī	ji	1
1548	贡	貢	gòng	gong	4
1549	疯	瘋	fēng	feng	1
1550	坡	坡	pō	po	1
1551	瞧	瞧	qiáo	qiao	2
1552	截	截	jié	jie	2
1553	燃	燃	rán	ran	2
1554	焦	焦	jiāo	jiao	1
1555	殿	殿	diàn	dian	4
1556	伪	僞	wěi	wei	3
1557	柳	柳	liǔ	liu	3
1558	锁	鎖	suǒ	suo	3
1559	逼	逼	bī	bi	1
1560	颇	頗	pō	po	1
1561	昏	昏	hūn	hun	1
1562	劝	勸	quàn	quan	4
1563	呈	呈	chéng	cheng	2
1564	搜	搜	sōu	sou	1
1565	勤	勤	qín	qin	2
1566	戒	戒	jiè	jie	4
1567	驾	駕	jià	jia	4
1568	漂	漂	piào	piao	4
1569	饮	飲	yǐn	yin	3
1570	曹	曹	cáo	cao	2
1571	朵	朵	duǒ	duo	3
1572	仔	仔	zǐ	zi	3
1573	柔	柔	róu	rou	2
1574	俩	倆	liǎ	lia	3
1575	孟	孟	mèng	meng	4
1576	腐	腐	fǔ	fu	3
1577	幼	幼	yòu	you	4
1578	践	踐	jiàn	jian	4
1579	籍	籍	jí	ji	2
1580	牧	牧	mù	mu	4
1581	凉	涼	liáng	liang	2
1582	牲	牲	shēng	sheng	1
1583	佳	佳	jiā	jia	1
1584	娜	娜	nà	na	4
1585	浓	濃	nóng	nong	2
1586	芳	芳	fāng	fang	1
1587	稿	稿	gǎo	gao	3
1588	竹	竹	zhú	zhu	2
1589	腹	腹	fù	fu	4
1590	跌	跌	diē	die	1
1591	逻	邏	luó	luo	2
1592	垂	垂	chuí	chui	2
1593	遵	遵	zūn	zun	1
1594	脉	脈	mài	mai	4
1595	貌	貌	mào	mao	4
1596	柏	柏	bǎi	bai	3
1597	狱	獄	yù	yu	4
1598	猜	猜	cāi	cai	1
1599	怜	憐	lián	lian	2
1600	惑	惑	huò	huo	4
1601	陶	陶	táo	tao	2
1602	兽	獸	shòu	shou	4
1603	帐	帳	zhàng	zhang	4
1604	饰	飾	shì	shi	4
1605	贷	貸	dài	dai	4
1606	昌	昌	chāng	chang	1
1607	叙	敘	xù	xu	4
1608	躺	躺	tǎng	tang	3
1609	钢	鋼	gāng	gang	1
1610	沟	溝	gōu	gou	1
1611	寄	寄	jì	ji	4
1612	扶	扶	fú	fu	2
1613	铺	鋪	pù	pu	4
1614	邓	鄧	dèng	deng	4
1615	寿	壽	shòu	shou	4
1616	惧	懼	jù	ju	4
1617	询	詢	xún	xun	2
1618	汤	湯	tāng	tang	1
1619	盗	盜	dào	dao	4
1620	肥	肥	féi	fei	2
1621	尝	嘗	cháng	chang	2
1622	匆	匆	cōng	cong	1
1623	辉	輝	huī	hui	1
1624	奈	奈	nài	nai	4
1625	扣	扣	kòu	kou	4
1626	廷	廷	tíng	ting	2
1627	澳	澳	ào	ao	4
1628	嘛	嘛	ma	ma	5
1629	董	董	dǒng	dong	3
1630	迁	遷	qiān	qian	1
1631	凝	凝	níng	ning	2
1632	慰	慰	wèi	wei	4
1633	厌	厭	yàn	yan	4
1634	脏	髒	zàng	zang	4
1635	腾	騰	téng	teng	2
1636	幽	幽	yōu	you	1
1637	怨	怨	yuàn	yuan	4
1638	鞋	鞋	xié	xie	2
1639	丢	丟	diū	diu	1
1640	埋	埋	mái	mai	2
1641	泉	泉	quán	quan	2
1642	涌	湧	yǒng	yong	3
1643	辖	轄	xiá	xia	2
1644	躲	躲	duǒ	duo	3
1645	晋	晉	jìn	jin	4
1646	紫	紫	zǐ	zi	3
1647	艰	艱	jiān	jian	1
1648	魏	魏	wèi	wei	4
1649	吾	吾	wú	wu	2
1650	慌	慌	huāng	huang	1
1651	祝	祝	zhù	zhu	4
1652	邮	郵	yóu	you	2
1653	吐	吐	tǔ	tu	3
1654	狠	狠	hěn	hen	3
1655	鉴	鑑	jiàn	jian	4
1656	曰	曰	yuē	yue	1
1657	械	械	xiè	xie	4
1658	咬	咬	yǎo	yao	3
1659	邻	鄰	lín	lin	2
1660	赤	赤	chì	chi	4
1661	挤	擠	jǐ	ji	3
1662	弯	彎	wān	wan	1
1663	椅	椅	yǐ	yi	3
1664	陪	陪	péi	pei	2
1665	割	割	gē	ge	1
1666	揭	揭	jiē	jie	1
1667	韦	韋	wéi	wei	2
1668	悟	悟	wù	wu	4
1669	聪	聰	cōng	cong	1
1670	雾	霧	wù	wu	4
1671	锋	鋒	fēng	feng	1
1672	梯	梯	tī	ti	1
1673	猫	貓	māo	mao	1
1674	祥	祥	xiáng	xiang	2
1675	阔	闊	kuò	kuo	4
1676	誉	譽	yù	yu	4
1677	筹	籌	chóu	chou	2
1678	丛	叢	cóng	cong	2
1679	牵	牽	qiān	qian	1
1680	鸣	鳴	míng	ming	2
1681	沈	沈	chén	chen	2
1682	阁	閣	gé	ge	2
1683	穆	穆	mù	mu	4
1684	屈	屈	qū	qu	1
1685	旨	旨	zhǐ	zhi	3
1686	袖	袖	xiù	xiu	4
1687	猎	獵	liè	lie	4
1688	臂	臂	bì	bi	4
1689	蛇	蛇	shé	she	2
1690	贺	賀	hè	he	4
1691	柱	柱	zhù	zhu	4
1692	抛	拋	pāo	pao	1
1693	鼠	鼠	shǔ	shu	3
1694	瑟	瑟	sè	se	4
1695	戈	戈	gē	ge	1
1696	牢	牢	láo	lao	2
1697	逊	遜	xùn	xun	4
1698	迈	邁	mài	mai	4
1699	欺	欺	qī	qi	1
1700	吨	噸	dūn	dun	1
1701	琴	琴	qín	qin	2
1702	衰	衰	shuāi	shuai	1
1703	瓶	瓶	píng	ping	2
1704	恼	惱	nǎo	nao	3
1705	燕	燕	yàn	yan	4
1706	仲	仲	zhòng	zhong	4
1707	诱	誘	yòu	you	4
1708	狼	狼	láng	lang	2
1709	池	池	chí	chi	2
1710	疼	疼	téng	teng	2
1711	卢	盧	lú	lu	2
1712	仗	仗	zhàng	zhang	4
1713	冠	冠	guān	guan	1
1714	粒	粒	lì	li	4
1715	遥	遙	yáo	yao	2
1716	吕	呂	lǚ	lü	3
1717	玄	玄	xuán	xuan	2
1718	尘	塵	chén	chen	2
1719	冯	馮	féng	feng	2
1720	抚	撫	fǔ	fu	3
1721	浅	淺	qiǎn	qian	3
1722	敦	敦	dūn	dun	1
1723	纠	糾	jiū	jiu	1
1724	钻	鑽	zuān	zuan	1
1725	晶	晶	jīng	jing	1
1726	岂	豈	qǐ	qi	3
1727	峡	峽	xiá	xia	2
1728	苍	蒼	cāng	cang	1
1729	喷	噴	pēn	pen	1
1730	耗	耗	hào	hao	4
1731	凌	凌	líng	ling	2
1732	敲	敲	qiāo	qiao	1
1733	菌	菌	jūn	jun	1
1734	赔	賠	péi	pei	2
1735	涂	塗	tú	tu	2
1736	粹	粹	cuì	cui	4
1737	扁	扁	biǎn	bian	3
1738	亏	虧	kuī	kui	1
1739	寂	寂	jì	ji	4
1740	煤	煤	méi	mei	2
1741	熊	熊	xióng	xiong	2
1742	恭	恭	gōng	gong	1
1743	湿	溼	shī	shi	1
1744	循	循	xún	xun	2
1745	暖	暖	nuǎn	nuan	3
1746	糖	糖	táng	tang	2
1747	赋	賦	fù	fu	4
1748	抑	抑	yì	yi	4
1749	秩	秩	zhì	zhi	4
1750	帽	帽	mào	mao	4
1751	哀	哀	āi	ai	1
1752	宿	宿	sù	su	4
1753	踏	踏	tà	ta	4
1754	烂	爛	làn	lan	4
1755	袁	袁	yuán	yuan	2
1756	侯	侯	hóu	hou	2
1757	抖	抖	dǒu	dou	3
1758	夹	夾	jiā	jia	1
1759	昆	昆	kūn	kun	1
1760	肝	肝	gān	gan	1
1761	擦	擦	cā	ca	1
1762	猪	豬	zhū	zhu	1
1763	炼	煉	liàn	lian	4
1764	恒	恆	héng	heng	2
1765	慎	慎	shèn	shen	4
1766	搬	搬	bān	ban	1
1767	纽	紐	niǔ	niu	3
1768	纹	紋	wén	wen	2
1769	玻	玻	bō	bo	1
1770	渔	漁	yú	yu	2
1771	磁	磁	cí	ci	2
1772	铜	銅	tóng	tong	2
1773	齿	齒	chǐ	chi	3
1774	跨	跨	kuà	kua	4
1775	押	押	yā	ya	1
1776	怖	怖	bù	bu	4
1777	漠	漠	mò	mo	4
1778	疲	疲	pí	pi	2
1779	叛	叛	pàn	pan	4
1780	遣	遣	qiǎn	qian	3
1781	兹	茲	zī	zi	1
1782	祭	祭	jì	ji	4
1783	醉	醉	zuì	zui	4
1784	拳	拳	quán	quan	2
1785	弥	彌	mí	mi	2
1786	斜	斜	xié	xie	2
1787	档	檔	dàng	dang	4
1788	稀	稀	xī	xi	1
1789	捷	捷	jié	jie	2
1790	肤	膚	fū	fu	1
1791	疫	疫	yì	yi	4
1792	肿	腫	zhǒng	zhong	3
1793	豆	豆	dòu	dou	4
1794	削	削	xuē	xue	1
1795	岗	崗	gǎng	gang	3
1796	晃	晃	huǎng	huang	3
1797	吞	吞	tūn	tun	1
1798	宏	宏	hóng	hong	2
1799	癌	癌	ái	ai	2
1800	肚	肚	dù	du	4
1801	隶	隸	lì	li	4
1802	履	履	lǚ	lü	3
1803	涨	漲	zhǎng	zhang	3
1804	耀	耀	yào	yao	4
1805	扭	扭	niǔ	niu	3
1806	坛	壇	tán	tan	2
1807	拨	撥	bō	bo	1
1808	沃	沃	wò	wo	4
1809	绘	繪	huì	hui	4
1810	伐	伐	fá	fa	2
1811	堪	堪	kān	kan	1
1812	仆	僕	pū	pu	1
1813	郭	郭	guō	guo	1
1814	牺	犧	xī	xi	1
1815	歼	殲	jiān	jian	1
1816	墓	墓	mù	mu	4
1817	雇	僱	gù	gu	4
1818	廉	廉	lián	lian	2
1819	契	契	qì	qi	4
1820	拼	拼	pīn	pin	1
1821	惩	懲	chéng	cheng	2
1822	捉	捉	zhuō	zhuo	1
1823	覆	覆	fù	fu	4
1824	刷	刷	shuā	shua	1
1825	劫	劫	jié	jie	2
1826	嫌	嫌	xián	xian	2
1827	瓜	瓜	guā	gua	1
1828	歇	歇	xiē	xie	1
1829	雕	雕	diāo	diao	1
1830	闷	悶	mèn	men	4
1831	乳	乳	rǔ	ru	3
1832	串	串	chuàn	chuan	4
1833	娃	娃	wá	wa	2
1834	缴	繳	jiǎo	jiao	3
1835	唤	喚	huàn	huan	4
1836	赢	贏	yíng	ying	2
1837	莲	蓮	lián	lian	2
1838	霸	霸	bà	ba	4
1839	桃	桃	táo	tao	2
1840	妥	妥	tuǒ	tuo	3
1841	瘦	瘦	shòu	shou	4
1842	搭	搭	dā	da	1
1843	赴	赴	fù	fu	4
1844	岳	嶽	yuè	yue	4
1845	嘉	嘉	jiā	jia	1
1846	舱	艙	cāng	cang	1
1847	俊	俊	jùn	jun	4
1848	址	址	zhǐ	zhi	3
1849	庞	龐	páng	pang	2
1850	耕	耕	gēng	geng	1
1851	锐	銳	ruì	rui	4
1852	缝	縫	fèng	feng	4
1853	悔	悔	huǐ	hui	3
1854	邀	邀	yāo	yao	1
1855	玲	玲	líng	ling	2
1856	惟	惟	wéi	wei	2
1857	斥	斥	chì	chi	4
1858	宅	宅	zhái	zhai	2
1859	添	添	tiān	tian	1
1860	挖	挖	wā	wa	1
1861	呵	呵	ā	a	1
1862	讼	訟	sòng	song	4
1863	氧	氧	yǎng	yang	3
1864	浩	浩	hào	hao	4
1865	羽	羽	yǔ	yu	3
1866	斤	斤	jīn	jin	1
1867	酷	酷	kù	ku	4
1868	掠	掠	lüè	lüe	4
1869	妖	妖	yāo	yao	1
1870	祸	禍	huò	huo	4
1871	侍	侍	shì	shi	4
1872	乙	乙	yǐ	yi	3
1873	妨	妨	fáng	fang	2
1874	贪	貪	tān	tan	1
1875	挣	掙	zhēng	zheng	1
1876	汪	汪	wāng	wang	1
1877	尿	尿	niào	niao	4
1878	莉	莉	lì	li	4
1879	悬	懸	xuán	xuan	2
1880	唇	脣	chún	chun	2
1881	翰	翰	hàn	han	4
1882	仓	倉	cāng	cang	1
1883	轨	軌	guǐ	gui	3
1884	枚	枚	méi	mei	2
1885	盐	鹽	yán	yan	2
1886	览	覽	lǎn	lan	3
1887	傅	傅	fù	fu	4
1888	帅	帥	shuài	shuai	4
1889	庙	廟	miào	miao	4
1890	芬	芬	fēn	fen	1
1891	屏	屏	píng	ping	2
1892	寺	寺	sì	si	4
1893	胖	胖	pàng	pang	4
1894	璃	璃	lí	li	2
1895	愚	愚	yú	yu	2
1896	滴	滴	dī	di	1
1897	疏	疏	shū	shu	1
1898	萧	蕭	xiāo	xiao	1
1899	姿	姿	zī	zi	1
1900	颤	顫	chàn	chan	4
1901	丑	醜	chǒu	chou	3
1902	劣	劣	liè	lie	4
1903	柯	柯	kē	ke	1
1904	寸	寸	cùn	cun	4
1905	扔	扔	rēng	reng	1
1906	盯	盯	dīng	ding	1
1907	辱	辱	rǔ	ru	3
1908	匹	匹	pǐ	pi	3
1909	俱	俱	jù	ju	4
1910	辨	辨	biàn	bian	4
1911	饿	餓	è	e	4
1912	蜂	蜂	fēng	feng	1
1913	哦	哦	ó	o	2
1914	腔	腔	qiāng	qiang	1
1915	郁	鬱	yù	yu	4
1916	溃	潰	kuì	kui	4
1917	谨	謹	jǐn	jin	3
1918	糟	糟	zāo	zao	1
1919	葛	葛	gé	ge	2
1920	苗	苗	miáo	miao	2
1921	肠	腸	cháng	chang	2
1922	忌	忌	jì	ji	4
1923	溜	溜	liū	liu	1
1924	鸿	鴻	hóng	hong	2
1925	爵	爵	jué	jue	2
1926	鹏	鵬	péng	peng	2
1927	鹰	鷹	yīng	ying	1
1928	笼	籠	lóng	long	2
1929	丘	丘	qiū	qiu	1
1930	桂	桂	guì	gui	4
1931	滋	滋	zī	zi	1
1932	聊	聊	liáo	liao	2
1933	挡	擋	dǎng	dang	3
1934	纲	綱	gāng	gang	1
1935	肌	肌	jī	ji	1
1936	茨	茨	cí	ci	2
1937	壳	殼	ké	ke	2
1938	痕	痕	hén	hen	2
1939	碗	碗	wǎn	wan	3
1940	穴	穴	xué	xue	2
1941	膀	膀	bǎng	bang	3
1942	卓	卓	zhuō	zhuo	1
1943	贤	賢	xián	xian	2
1944	卧	臥	wò	wo	4
1945	膜	膜	mó	mo	2
1946	毅	毅	yì	yi	4
1947	锦	錦	jǐn	jin	3
1948	欠	欠	qiàn	qian	4
1949	哩	哩	lī	li	1
1950	函	函	hán	han	2
1951	茫	茫	máng	mang	2
1952	昂	昂	áng	ang	2
1953	薛	薛	xuē	xue	1
1954	皱	皺	zhòu	zhou	4
1955	夸	誇	kuā	kua	1
1956	豫	豫	yù	yu	4
1957	胃	胃	wèi	wei	4
1958	舌	舌	shé	she	2
1959	剥	剝	bō	bo	1
1960	傲	傲	ào	ao	4
1961	拾	拾	shí	shi	2
1962	窝	窩	wō	wo	1
1963	睁	睜	zhēng	zheng	1
1964	携	攜	xié	xie	2
1965	陵	陵	líng	ling	2
1966	哼	哼	hēng	heng	1
1967	棉	棉	mián	mian	2
1968	晴	晴	qíng	qing	2
1969	铃	鈴	líng	ling	2
1970	填	填	tián	tian	2
1971	饲	飼	sì	si	4
1972	渴	渴	kě	ke	3
1973	吻	吻	wěn	wen	3
1974	扮	扮	bàn	ban	4
1975	逆	逆	nì	ni	4
1976	脆	脆	cuì	cui	4
1977	喘	喘	chuǎn	chuan	3
1978	罩	罩	zhào	zhao	4
1979	卜	卜	bo	bo	5
1980	炉	爐	lú	lu	2
1981	柴	柴	chái	chai	2
1982	愉	愉	yú	yu	2
1983	绳	繩	shéng	sheng	2
1984	胎	胎	tāi	tai	1
1985	蓄	蓄	xù	xu	4
1986	眠	眠	mián	mian	2
1987	竭	竭	jié	jie	2
1988	喂	喂	wèi	wei	4
1989	傻	傻	shǎ	sha	3
1990	慕	慕	mù	mu	4
1991	浑	渾	hún	hun	2
1992	奸	奸	jiān	jian	1
1993	扇	扇	shàn	shan	4
1994	柜	櫃	guì	gui	4
1995	悦	悅	yuè	yue	4
1996	拦	攔	lán	lan	2
1997	诞	誕	dàn	dan	4
1998	饱	飽	bǎo	bao	3
1999	乾	乾	gān	gan	1
2000	泡	泡	pào	pao	4
2001	贼	賊	zéi	zei	2
2002	亭	亭	tíng	ting	2
2003	夕	夕	xī	xi	1
2004	爹	爹	diē	die	1
2005	酬	酬	chóu	chou	2
2006	儒	儒	rú	ru	2
2007	姻	姻	yīn	yin	1
2008	卵	卵	luǎn	luan	3
2009	氛	氛	fēn	fen	1
2010	泄	泄	xiè	xie	4
2011	杆	杆	gān	gan	1
2012	挨	挨	āi	ai	1
2013	僧	僧	sēng	seng	1
2014	蜜	蜜	mì	mi	4
2015	吟	吟	yín	yin	2
2016	猩	猩	xīng	xing	1
2017	遂	遂	suì	sui	4
2018	狭	狹	xiá	xia	2
2019	肖	肖	xiào	xiao	4
2020	甜	甜	tián	tian	2
2021	霞	霞	xiá	xia	2
2022	驳	駁	bó	bo	2
2023	裕	裕	yù	yu	4
2024	顽	頑	wán	wan	2
2025	於	於	yú	yu	2
2026	摘	摘	zhāi	zhai	1
2027	矮	矮	ǎi	ai	3
2028	秒	秒	miǎo	miao	3
2029	卿	卿	qīng	qing	1
2030	畜	畜	chù	chu	4
2031	咽	咽	yàn	yan	4
2032	披	披	pī	pi	1
2033	辅	輔	fǔ	fu	3
2034	勾	勾	gōu	gou	1
2035	盆	盆	pén	pen	2
2036	疆	疆	jiāng	jiang	1
2037	赌	賭	dǔ	du	3
2038	塑	塑	sù	su	4
2039	畏	畏	wèi	wei	4
2040	吵	吵	chǎo	chao	3
2041	囊	囊	náng	nang	2
2042	嗯	嗯	ń	n	2
2043	泊	泊	pō	po	1
2044	肺	肺	fèi	fei	4
2045	骤	驟	zhòu	zhou	4
2046	缠	纏	chán	chan	2
2047	冈	岡	gāng	gang	1
2048	羞	羞	xiū	xiu	1
2049	瞪	瞪	dèng	deng	4
2050	吊	吊	diào	diao	4
2051	贾	賈	jiǎ	jia	3
2052	漏	漏	lòu	lou	4
2053	斑	斑	bān	ban	1
2054	涛	濤	tāo	tao	1
2055	悠	悠	yōu	you	1
2056	鹿	鹿	lù	lu	4
2057	俘	俘	fú	fu	2
2058	锡	錫	xī	xi	1
2059	卑	卑	bēi	bei	1
2060	葬	葬	zàng	zang	4
2061	铭	銘	míng	ming	2
2062	滩	灘	tān	tan	1
2063	嫁	嫁	jià	jia	4
2064	催	催	cuī	cui	1
2065	璇	璇	xuán	xuan	2
2066	翅	翅	chì	chi	4
2067	盒	盒	hé	he	2
2068	蛮	蠻	mán	man	2
2069	矣	矣	yǐ	yi	3
2070	潘	潘	pān	pan	1
2071	歧	歧	qí	qi	2
2072	赐	賜	cì	ci	4
2073	鲍	鮑	bào	bao	4
2074	锅	鍋	guō	guo	1
2075	廊	廊	láng	lang	2
2076	拆	拆	chāi	chai	1
2077	灌	灌	guàn	guan	4
2078	勉	勉	miǎn	mian	3
2079	盲	盲	máng	mang	2
2080	宰	宰	zǎi	zai	3
2081	佐	佐	zuǒ	zuo	3
2082	啥	啥	shà	sha	4
2083	胀	脹	zhàng	zhang	4
2084	扯	扯	chě	che	3
2085	禧	禧	xǐ	xi	3
2086	辽	遼	liáo	liao	2
2087	抹	抹	mǒ	mo	3
2088	筒	筒	tǒng	tong	3
2089	棋	棋	qí	qi	2
2090	裤	褲	kù	ku	4
2091	唉	唉	āi	ai	1
2092	朴	樸	pǔ	pu	3
2093	咐	咐	fù	fu	4
2094	孕	孕	yùn	yun	4
2095	誓	誓	shì	shi	4
2096	喉	喉	hóu	hou	2
2097	妄	妄	wàng	wang	4
2098	拘	拘	jū	ju	1
2099	链	鏈	liàn	lian	4
2100	驰	馳	chí	chi	2
2101	栏	欄	lán	lan	2
2102	逝	逝	shì	shi	4
2103	窃	竊	qiè	qie	4
2104	艳	豔	yàn	yan	4
2105	臭	臭	chòu	chou	4
2106	纤	纖	xiān	xian	1
2107	玑	璣	jī	ji	1
2108	棵	棵	kē	ke	1
2109	趁	趁	chèn	chen	4
2110	匠	匠	jiàng	jiang	4
2111	盈	盈	yíng	ying	2
2112	翁	翁	wēng	weng	1
2113	愁	愁	chóu	chou	2
2114	瞬	瞬	shùn	shun	4
2115	婴	嬰	yīng	ying	1
2116	孝	孝	xiào	xiao	4
2117	颈	頸	jǐng	jing	3
2118	倘	倘	tǎng	tang	3
2119	浙	浙	zhè	zhe	4
2120	谅	諒	liàng	liang	4
2121	蔽	蔽	bì	bi	4
2122	畅	暢	chàng	chang	4
2123	赠	贈	zèng	zeng	4
2124	妮	妮	nī	ni	1
2125	莎	莎	shā	sha	1
2126	尉	尉	wèi	wei	4
2127	冻	凍	dòng	dong	4
2128	跪	跪	guì	gui	4
2129	闯	闖	chuǎng	chuang	3
2130	葡	葡	pú	pu	2
2131	後	後	hòu	hou	4
2132	厨	廚	chú	chu	2
2133	鸭	鴨	yā	ya	1
2134	颠	顛	diān	dian	1
2135	遮	遮	zhē	zhe	1
2136	谊	誼	yì	yi	4
2137	圳	圳	zhèn	zhen	4
2138	吁	籲	xū	xu	1
2139	仑	侖	lún	lun	2
2140	辟	闢	pì	pi	4
2141	瘤	瘤	liú	liu	2
2142	嫂	嫂	sǎo	sao	3
2143	陀	陀	tuó	tuo	2
2144	框	框	kuāng	kuang	1
2145	谭	譚	tán	tan	2
2146	亨	亨	hēng	heng	1
2147	钦	欽	qīn	qin	1
2148	庸	庸	yōng	yong	1
2149	歉	歉	qiàn	qian	4
2150	芝	芝	zhī	zhi	1
2151	吼	吼	hǒu	hou	3
2152	甫	甫	fǔ	fu	3
2153	衫	衫	shān	shan	1
2154	摊	攤	tān	tan	1
2155	宴	宴	yàn	yan	4
2156	嘱	囑	zhǔ	zhu	3
2157	衷	衷	zhōng	zhong	1
2158	娇	嬌	jiāo	jiao	1
2159	陕	陝	shǎn	shan	3
2160	矩	矩	jǔ	ju	3
2161	浦	浦	pǔ	pu	3
2162	讶	訝	yà	ya	4
2163	耸	聳	sǒng	song	3
2164	裸	裸	luǒ	luo	3
2165	碧	碧	bì	bi	4
2166	摧	摧	cuī	cui	1
2167	薪	薪	xīn	xin	1
2168	淋	淋	lín	lin	2
2169	耻	恥	chǐ	chi	3
2170	胶	膠	jiāo	jiao	1
2171	屠	屠	tú	tu	2
2172	鹅	鵝	é	e	2
2173	饥	飢	jī	ji	1
2174	盼	盼	pàn	pan	4
2175	脖	脖	bó	bo	2
2176	虹	虹	hóng	hong	2
2177	翠	翠	cuì	cui	4
2178	崩	崩	bēng	beng	1
2179	账	賬	zhàng	zhang	4
2180	萍	萍	píng	ping	2
2181	逢	逢	féng	feng	2
2182	赚	賺	zhuàn	zhuan	4
2183	撑	撐	chēng	cheng	1
2184	翔	翔	xiáng	xiang	2
2185	倡	倡	chàng	chang	4
2186	绵	綿	mián	mian	2
2187	猴	猴	hóu	hou	2
2188	枯	枯	kū	ku	1
2189	巫	巫	wū	wu	1
2190	昭	昭	zhāo	zhao	1
2191	怔	怔	zhēng	zheng	1
2192	渊	淵	yuān	yuan	1
2193	凑	湊	còu	cou	4
2194	溪	溪	xī	xi	1
2195	蠢	蠢	chǔn	chun	3
2196	禅	禪	chán	chan	2
2197	阐	闡	chǎn	chan	3
2198	旺	旺	wàng	wang	4
2199	寓	寓	yù	yu	4
2200	藤	藤	téng	teng	2
2201	匪	匪	fěi	fei	3
2202	伞	傘	sǎn	san	3
2203	碑	碑	bēi	bei	1
2204	挪	挪	nuó	nuo	2
2205	琼	瓊	qióng	qiong	2
2206	脂	脂	zhī	zhi	1
2207	谎	謊	huǎng	huang	3
2208	慨	慨	kǎi	kai	3
2209	菩	菩	pú	pu	2
2210	萄	萄	táo	tao	2
2211	狮	獅	shī	shi	1
2212	掘	掘	jué	jue	2
2213	抄	抄	chāo	chao	1
2214	岭	嶺	lǐng	ling	3
2215	晕	暈	yūn	yun	1
2216	逮	逮	dǎi	dai	3
2217	砍	砍	kǎn	kan	3
2218	掏	掏	tāo	tao	1
2219	狄	狄	dí	di	2
2220	晰	晰	xī	xi	1
2221	罕	罕	hǎn	han	3
2222	挽	挽	wǎn	wan	3
2223	脾	脾	pí	pi	2
2224	舟	舟	zhōu	zhou	1
2225	痴	癡	chī	chi	1
2226	蔡	蔡	cài	cai	4
2227	剪	剪	jiǎn	jian	3
2228	脊	脊	jí	ji	2
2229	弓	弓	gōng	gong	1
2230	懒	懶	lǎn	lan	3
2231	叉	叉	chā	cha	1
2232	拐	拐	guǎi	guai	3
2233	喃	喃	nán	nan	2
2234	僚	僚	liáo	liao	2
2235	捐	捐	juān	juan	1
2236	姊	姊	zǐ	zi	3
2237	骚	騷	sāo	sao	1
2238	拓	拓	tà	ta	4
2239	歪	歪	wāi	wai	1
2240	粘	粘	zhān	zhan	1
2241	柄	柄	bǐng	bing	3
2242	坑	坑	kēng	keng	1
2243	陌	陌	mò	mo	4
2244	窄	窄	zhǎi	zhai	3
2245	湘	湘	xiāng	xiang	1
2246	兆	兆	zhào	zhao	4
2247	崖	崖	yá	ya	2
2248	骄	驕	jiāo	jiao	1
2249	刹	剎	shā	sha	1
2250	鞭	鞭	biān	bian	1
2251	芒	芒	máng	mang	2
2252	筋	筋	jīn	jin	1
2253	聘	聘	pìn	pin	4
2254	钩	鉤	gōu	gou	1
2255	棍	棍	gùn	gun	4
2256	嚷	嚷	rǎng	rang	3
2257	腺	腺	xiàn	xian	4
2258	弦	弦	xián	xian	2
2259	焰	焰	yàn	yan	4
2260	耍	耍	shuǎ	shua	3
2261	俯	俯	fǔ	fu	3
2262	厘	釐	lí	li	2
2263	愣	愣	lèng	leng	4
2264	厦	廈	shà	sha	4
2265	恳	懇	kěn	ken	3
2266	饶	饒	ráo	rao	2
2267	钉	釘	dīng	ding	1
2268	寡	寡	guǎ	gua	3
2269	憾	憾	hàn	han	4
2270	摔	摔	shuāi	shuai	1
2271	叠	疊	dié	die	2
2272	惹	惹	rě	re	3
2273	喻	喻	yù	yu	4
2274	谱	譜	pǔ	pu	3
2275	愧	愧	kuì	kui	4
2276	煌	煌	huáng	huang	2
2277	徽	徽	huī	hui	1
2278	溶	溶	róng	rong	2
2279	坠	墜	zhuì	zhui	4
2280	煞	煞	shā	sha	1
2281	巾	巾	jīn	jin	1
2282	滥	濫	làn	lan	4
2283	洒	灑	sǎ	sa	3
2284	堵	堵	dǔ	du	3
2285	瓷	瓷	cí	ci	2
2286	咒	咒	zhòu	zhou	4
2287	姨	姨	yí	yi	2
2288	棒	棒	bàng	bang	4
2289	郡	郡	jùn	jun	4
2290	浴	浴	yù	yu	4
2291	媚	媚	mèi	mei	4
2292	稣	穌	sū	su	1
2293	淮	淮	huái	huai	2
2294	哎	哎	āi	ai	1
2295	屁	屁	pì	pi	4
2296	漆	漆	qī	qi	1
2297	淫	淫	yín	yin	2
2298	巢	巢	cháo	chao	2
2299	吩	吩	fēn	fen	1
2300	撰	撰	zhuàn	zhuan	4
2301	啸	嘯	xiào	xiao	4
2302	滞	滯	zhì	zhi	4
2303	玫	玫	méi	mei	2
2304	硕	碩	shuò	shuo	4
2305	钓	釣	diào	diao	4
2306	蝶	蝶	dié	die	2
2307	膝	膝	xī	xi	1
2308	姚	姚	yáo	yao	2
2309	茂	茂	mào	mao	4
2310	躯	軀	qū	qu	1
2311	吏	吏	lì	li	4
2312	猿	猿	yuán	yuan	2
2313	寨	寨	zhài	zhai	4
2314	恕	恕	shù	shu	4
2315	渠	渠	qú	qu	2
2316	戚	戚	qī	qi	1
2317	辰	辰	chén	chen	2
2318	舶	舶	bó	bo	2
2319	颁	頒	bān	ban	1
2320	惶	惶	huáng	huang	2
2321	狐	狐	hú	hu	2
2322	讽	諷	fěng	feng	3
2323	笨	笨	bèn	ben	4
2324	袍	袍	páo	pao	2
2325	嘲	嘲	cháo	chao	2
2326	啡	啡	fēi	fei	1
2327	泼	潑	pō	po	1
2328	衔	銜	xián	xian	2
2329	倦	倦	juàn	juan	4
2330	涵	涵	hán	han	2
2331	雀	雀	què	que	4
2332	旬	旬	xún	xun	2
2333	僵	僵	jiāng	jiang	1
2334	撕	撕	sī	si	1
2335	肢	肢	zhī	zhi	1
2336	垄	壟	lǒng	long	3
2337	夷	夷	yí	yi	2
2338	逸	逸	yì	yi	4
2339	茅	茅	máo	mao	2
2340	侨	僑	qiáo	qiao	2
2341	舆	輿	yú	yu	2
2342	窑	窯	yáo	yao	2
2343	涅	涅	niè	nie	4
2344	蒲	蒲	pú	pu	2
2345	谦	謙	qiān	qian	1
2346	杭	杭	háng	hang	2
2347	噢	噢	ō	o	1
2348	弊	弊	bì	bi	4
2349	勋	勳	xūn	xun	1
2350	刮	刮	guā	gua	1
2351	郊	郊	jiāo	jiao	1
2352	凄	悽	qī	qi	1
2353	捧	捧	pěng	peng	3
2354	浸	浸	jìn	jin	4
2355	砖	磚	zhuān	zhuan	1
2356	鼎	鼎	dǐng	ding	3
2357	篮	籃	lán	lan	2
2358	蒸	蒸	zhēng	zheng	1
2359	饼	餅	bǐng	bing	3
2360	亩	畝	mǔ	mu	3
2361	肾	腎	shèn	shen	4
2362	陡	陡	dǒu	dou	3
2363	爪	爪	zhǎo	zhao	3
2364	兔	兔	tù	tu	4
2365	殷	殷	yīn	yin	1
2366	贞	貞	zhēn	zhen	1
2367	荐	薦	jiàn	jian	4
2368	哑	啞	yǎ	ya	3
2369	炭	炭	tàn	tan	4
2370	坟	墳	fén	fen	2
2371	眨	眨	zhǎ	zha	3
2372	搏	搏	bó	bo	2
2373	咳	咳	hāi	hai	1
2374	拢	攏	lǒng	long	3
2375	舅	舅	jiù	jiu	4
2376	昧	昧	mèi	mei	4
2377	擅	擅	shàn	shan	4
2378	爽	爽	shuǎng	shuang	3
2379	咖	咖	kā	ka	1
2380	搁	擱	gē	ge	1
2381	禄	祿	lù	lu	4
2382	雌	雌	cí	ci	2
2383	哨	哨	shào	shao	4
2384	巩	鞏	gǒng	gong	3
2385	绢	絹	juàn	juan	4
2386	螺	螺	luó	luo	2
2387	裹	裹	guǒ	guo	3
2388	昔	昔	xī	xi	1
2389	轩	軒	xuān	xuan	1
2390	谬	謬	miù	miu	4
2391	谍	諜	dié	die	2
2392	龟	龜	guī	gui	1
2393	媳	媳	xí	xi	2
2394	姜	姜	jiāng	jiang	1
2395	瞎	瞎	xiā	xia	1
2396	冤	冤	yuān	yuan	1
2397	鸦	鴉	yā	ya	1
2398	蓬	蓬	péng	peng	2
2399	巷	巷	xiàng	xiang	4
2400	琳	琳	lín	lin	2
2401	栽	栽	zāi	zai	1
2402	沾	沾	zhān	zhan	1
2403	诈	詐	zhà	zha	4
2404	斋	齋	zhāi	zhai	1
2405	瞒	瞞	mán	man	2
2406	彪	彪	biāo	biao	1
2407	厄	厄	è	e	4
2408	咨	諮	zī	zi	1
2409	纺	紡	fǎng	fang	3
2410	罐	罐	guàn	guan	4
2411	桶	桶	tǒng	tong	3
2412	壤	壤	rǎng	rang	3
2413	糕	糕	gāo	gao	1
2414	颂	頌	sòng	song	4
2415	膨	膨	péng	peng	2
2416	谐	諧	xié	xie	2
2417	垒	壘	lěi	lei	3
2418	咕	咕	gū	gu	1
2419	隙	隙	xì	xi	4
2420	辣	辣	là	la	4
2421	绑	綁	bǎng	bang	3
2422	宠	寵	chǒng	chong	3
2423	嘿	嘿	hēi	hei	1
2424	兑	兌	duì	dui	4
2425	霉	黴	méi	mei	2
2426	挫	挫	cuò	cuo	4
2427	稽	稽	jī	ji	1
2428	辐	輻	fú	fu	2
2429	乞	乞	qǐ	qi	3
2430	纱	紗	shā	sha	1
2431	裙	裙	qún	qun	2
2432	嘻	嘻	xī	xi	1
2433	哇	哇	wa	wa	5
2434	绣	繡	xiù	xiu	4
2435	杖	杖	zhàng	zhang	4
2436	塘	塘	táng	tang	2
2437	衍	衍	yǎn	yan	3
2438	轴	軸	zhóu	zhou	2
2439	攀	攀	pān	pan	1
2440	膊	膊	bó	bo	2
2441	譬	譬	pì	pi	4
2442	斌	斌	bīn	bin	1
2443	祈	祈	qí	qi	2
2444	踢	踢	tī	ti	1
2445	肆	肆	sì	si	4
2446	坎	坎	kǎn	kan	3
2447	轿	轎	jiào	jiao	4
2448	棚	棚	péng	peng	2
2449	泣	泣	qì	qi	4
2450	屡	屢	lǚ	lü	3
2451	躁	躁	zào	zao	4
2452	邱	邱	qiū	qiu	1
2453	凰	凰	huáng	huang	2
2454	溢	溢	yì	yi	4
2455	椎	椎	chuí	chui	2
2456	砸	砸	zá	za	2
2457	趟	趟	tàng	tang	4
2458	帘	簾	lián	lian	2
2459	帆	帆	fān	fan	1
2460	栖	棲	qī	qi	1
2461	窜	竄	cuàn	cuan	4
2462	丸	丸	wán	wan	2
2463	斩	斬	zhǎn	zhan	3
2464	堤	堤	dī	di	1
2465	塌	塌	tā	ta	1
2466	贩	販	fàn	fan	4
2467	厢	廂	xiāng	xiang	1
2468	掀	掀	xiān	xian	1
2469	喀	喀	kā	ka	1
2470	乖	乖	guāi	guai	1
2471	谜	謎	mí	mi	2
2472	捏	捏	niē	nie	1
2473	阎	閻	yán	yan	2
2474	滨	濱	bīn	bin	1
2475	虏	虜	lǔ	lu	3
2476	匙	匙	shi	shi	5
2477	芦	蘆	lú	lu	2
2478	苹	蘋	píng	ping	2
2479	卸	卸	xiè	xie	4
2480	沼	沼	zhǎo	zhao	3
2481	钥	鑰	yào	yao	4
2482	株	株	zhū	zhu	1
2483	祷	禱	dǎo	dao	3
2484	剖	剖	pōu	pou	1
2485	熙	熙	xī	xi	1
2486	哗	譁	huā	hua	1
2487	劈	劈	pī	pi	1
2488	怯	怯	qiè	qie	4
2489	棠	棠	táng	tang	2
2490	胳	胳	gē	ge	1
2491	桩	樁	zhuāng	zhuang	1
2492	瑰	瑰	guī	gui	1
2493	娱	娛	yú	yu	2
2494	娶	娶	qǔ	qu	3
2495	沫	沫	mò	mo	4
2496	嗓	嗓	sǎng	sang	3
2497	蹲	蹲	dūn	dun	1
2498	焚	焚	fén	fen	2
2499	淘	淘	táo	tao	2
2500	嫩	嫩	nèn	nen	4
2501	韵	韻	yùn	yun	4
2502	衬	襯	chèn	chen	4
2503	匈	匈	xiōng	xiong	1
2504	钧	鈞	jūn	jun	1
2505	竖	豎	shù	shu	4
2506	峻	峻	jùn	jun	4
2507	豹	豹	bào	bao	4
2508	捞	撈	lāo	lao	1
2509	菊	菊	jú	ju	2
2510	鄙	鄙	bǐ	bi	3
2511	魄	魄	pò	po	4
2512	兜	兜	dōu	dou	1
2513	哄	哄	hōng	hong	1
2514	颖	穎	yǐng	ying	3
2515	镑	鎊	bàng	bang	4
2516	屑	屑	xiè	xie	4
2517	蚁	蟻	yǐ	yi	3
2518	壶	壺	hú	hu	2
2519	怡	怡	yí	yi	2
2520	渗	滲	shèn	shen	4
2521	秃	禿	tū	tu	1
2522	迦	迦	jiā	jia	1
2523	旱	旱	hàn	han	4
2524	哟	喲	yō	yo	1
2525	咸	鹹	xián	xian	2
2526	焉	焉	yān	yan	1
2527	谴	譴	qiǎn	qian	3
2528	宛	宛	wǎn	wan	3
2529	稻	稻	dào	dao	4
2530	铸	鑄	zhù	zhu	4
2531	锻	鍛	duàn	duan	4
2532	伽	伽	jiā	jia	1
2533	詹	詹	zhān	zhan	1
2534	毙	斃	bì	bi	4
2535	恍	恍	huǎng	huang	3
2536	贬	貶	biǎn	bian	3
2537	烛	燭	zhú	zhu	2
2538	骇	駭	hài	hai	4
2539	芯	芯	xīn	xin	1
2540	汁	汁	zhī	zhi	1
2541	桓	桓	huán	huan	2
2542	坊	坊	fāng	fang	1
2543	驴	驢	lǘ	lü	2
2544	朽	朽	xiǔ	xiu	3
2545	靖	靖	jìng	jing	4
2546	佣	傭	yōng	yong	1
2547	汝	汝	rǔ	ru	3
2548	碌	碌	lù	lu	4
2549	迄	迄	qì	qi	4
2550	冀	冀	jì	ji	4
2551	荆	荊	jīng	jing	1
2552	崔	崔	cuī	cui	1
2553	雁	雁	yàn	yan	4
2554	绅	紳	shēn	shen	1
2555	珊	珊	shān	shan	1
2556	榜	榜	bǎng	bang	3
2557	诵	誦	sòng	song	4
2558	傍	傍	bàng	bang	4
2559	彦	彥	yàn	yan	4
2560	醇	醇	chún	chun	2
2561	笛	笛	dí	di	2
2562	禽	禽	qín	qin	2
2563	勿	勿	wù	wu	4
2564	娟	娟	juān	juan	1
2565	瞄	瞄	miáo	miao	2
2566	幢	幢	chuáng	chuang	2
2567	寇	寇	kòu	kou	4
2568	睹	睹	dǔ	du	3
2569	贿	賄	huì	hui	4
2570	踩	踩	cǎi	cai	3
2571	霆	霆	tíng	ting	2
2572	呜	嗚	wū	wu	1
2573	拱	拱	gǒng	gong	3
2574	妃	妃	fēi	fei	1
2575	蔑	蔑	miè	mie	4
2576	谕	諭	yù	yu	4
2577	缚	縛	fù	fu	4
2578	诡	詭	guǐ	gui	3
2579	篷	篷	péng	peng	2
2580	淹	淹	yān	yan	1
2581	腕	腕	wàn	wan	4
2582	煮	煮	zhǔ	zhu	3
2583	倩	倩	qiàn	qian	4
2584	卒	卒	zú	zu	2
2585	勘	勘	kān	kan	1
2586	馨	馨	xīn	xin	1
2587	逗	逗	dòu	dou	4
2588	甸	甸	diān	dian	1
2589	贱	賤	jiàn	jian	4
2590	炒	炒	chǎo	chao	3
2591	灿	燦	càn	can	4
2592	敞	敞	chǎng	chang	3
2593	蜡	蠟	là	la	4
2594	囚	囚	qiú	qiu	2
2595	栗	栗	lì	li	4
2596	辜	辜	gū	gu	1
2597	垫	墊	diàn	dian	4
2598	妒	妒	dù	du	4
2599	魁	魁	kuí	kui	2
2600	谣	謠	yáo	yao	2
2601	寞	寞	mò	mo	4
2602	蜀	蜀	shǔ	shu	3
2603	甩	甩	shuǎi	shuai	3
2604	涯	涯	yá	ya	2
2605	枕	枕	zhěn	zhen	3
2606	丐	丐	gài	gai	4
2607	泳	泳	yǒng	yong	3
2608	奎	奎	kuí	kui	2
2609	泌	泌	mì	mi	4
2610	逾	逾	yú	yu	2
2611	叮	叮	dīng	ding	1
2612	黛	黛	dài	dai	4
2613	燥	燥	zào	zao	4
2614	掷	擲	zhì	zhi	4
2615	藉	藉	jí	ji	2
2616	枢	樞	shū	shu	1
2617	憎	憎	zēng	zeng	1
2618	鲸	鯨	jīng	jing	1
2619	弘	弘	hóng	hong	2
2620	倚	倚	yǐ	yi	3
2621	侮	侮	wǔ	wu	3
2622	藩	藩	fān	fan	1
2623	拂	拂	fú	fu	2
2624	鹤	鶴	hè	he	4
2625	蚀	蝕	shí	shi	2
2626	浆	漿	jiāng	jiang	1
2627	芙	芙	fú	fu	2
2628	垃	垃	lā	la	1
2629	烤	烤	kǎo	kao	3
2630	晒	曬	shài	shai	4
2631	霜	霜	shuāng	shuang	1
2632	剿	剿	jiǎo	jiao	3
2633	蕴	蘊	yùn	yun	4
2634	圾	圾	jī	ji	1
2635	绸	綢	chóu	chou	2
2636	屿	嶼	yǔ	yu	3
2637	氢	氫	qīng	qing	1
2638	驼	駝	tuó	tuo	2
2639	妆	妝	zhuāng	zhuang	1
2640	捆	捆	kǔn	kun	3
2641	铅	鉛	qiān	qian	1
2642	逛	逛	guàng	guang	4
2643	淑	淑	shū	shu	1
2644	榴	榴	liú	liu	2
2645	丙	丙	bǐng	bing	3
2646	痒	癢	yǎng	yang	3
2647	钞	鈔	chāo	chao	1
2648	蹄	蹄	tí	ti	2
2649	犬	犬	quǎn	quan	3
2650	躬	躬	gōng	gong	1
2651	昼	晝	zhòu	zhou	4
2652	藻	藻	zǎo	zao	3
2653	蛛	蛛	zhū	zhu	1
2654	褐	褐	hè	he	4
2655	颊	頰	jiá	jia	2
2656	奠	奠	diàn	dian	4
2657	募	募	mù	mu	4
2658	耽	耽	dān	dan	1
2659	蹈	蹈	dǎo	dao	3
2660	陋	陋	lòu	lou	4
2661	侣	侶	lǚ	lü	3
2662	魅	魅	mèi	mei	4
2663	岚	嵐	lán	lan	2
2664	侄	侄	zhí	zhi	2
2665	虐	虐	nüè	nüe	4
2666	堕	墮	duò	duo	4
2667	陛	陛	bì	bi	4
2668	莹	瑩	yíng	ying	2
2669	荫	蔭	yīn	yin	1
2670	狡	狡	jiǎo	jiao	3
2671	阀	閥	fá	fa	2
2672	绞	絞	jiǎo	jiao	3
2673	膏	膏	gāo	gao	1
2674	垮	垮	kuǎ	kua	3
2675	茎	莖	jīng	jing	1
2676	缅	緬	miǎn	mian	3
2677	喇	喇	lǎ	la	3
2678	绒	絨	róng	rong	2
2679	搅	攪	jiǎo	jiao	3
2680	凳	凳	dèng	deng	4
2681	梭	梭	suō	suo	1
2682	丫	丫	yā	ya	1
2683	姬	姬	jī	ji	1
2684	诏	詔	zhào	zhao	4
2685	钮	鈕	niǔ	niu	3
2686	棺	棺	guān	guan	1
2687	耿	耿	gěng	geng	3
2688	缔	締	dì	di	4
2689	懈	懈	xiè	xie	4
2690	嫉	嫉	jí	ji	2
2691	灶	竈	zào	zao	4
2692	匀	勻	yún	yun	2
2693	嗣	嗣	sì	si	4
2694	鸽	鴿	gē	ge	1
2695	澡	澡	zǎo	zao	3
2696	凿	鑿	záo	zao	2
2697	纬	緯	wěi	wei	3
2698	沸	沸	fèi	fei	4
2699	畴	疇	chóu	chou	2
2700	刃	刃	rèn	ren	4
2701	遏	遏	è	e	4
2702	烁	爍	shuò	shuo	4
2703	嗅	嗅	xiù	xiu	4
2704	叭	叭	bā	ba	1
2705	熬	熬	áo	ao	2
2706	瞥	瞥	piē	pie	1
2707	骸	骸	hái	hai	2
2708	奢	奢	shē	she	1
2709	拙	拙	zhuō	zhuo	1
2710	栋	棟	dòng	dong	4
2711	毯	毯	tǎn	tan	3
2712	桐	桐	tóng	tong	2
2713	砂	砂	shā	sha	1
2714	莽	莽	mǎng	mang	3
2715	泻	瀉	xiè	xie	4
2716	坪	坪	píng	ping	2
2717	梳	梳	shū	shu	1
2718	杉	杉	shān	shan	1
2719	晤	晤	wù	wu	4
2720	稚	稚	zhì	zhi	4
2721	蔬	蔬	shū	shu	1
2722	蝇	蠅	yíng	ying	2
2723	捣	搗	dǎo	dao	3
2724	顷	頃	qǐng	qing	3
2725	麽	麼	mó	mo	2
2726	尴	尷	gān	gan	1
2727	镖	鏢	biāo	biao	1
2728	诧	詫	chà	cha	4
2729	尬	尬	gà	ga	4
2730	硫	硫	liú	liu	2
2731	嚼	嚼	jué	jue	2
2732	羡	羨	xiàn	xian	4
2733	沦	淪	lún	lun	2
2734	沪	滬	hù	hu	4
2735	旷	曠	kuàng	kuang	4
2736	彬	彬	bīn	bin	1
2737	芽	芽	yá	ya	2
2738	狸	狸	lí	li	2
2739	冥	冥	míng	ming	2
2740	碳	碳	tàn	tan	4
2741	咧	咧	liě	lie	3
2742	惕	惕	tì	ti	4
2743	暑	暑	shǔ	shu	3
2744	咯	咯	gē	ge	1
2745	萝	蘿	luó	luo	2
2746	汹	洶	xiōng	xiong	1
2747	腥	腥	xīng	xing	1
2748	窥	窺	kuī	kui	1
2749	俺	俺	ǎn	an	3
2750	潭	潭	tán	tan	2
2751	崎	崎	qí	qi	2
2752	麟	麟	lín	lin	2
2753	捡	撿	jiǎn	jian	3
2754	拯	拯	zhěng	zheng	3
2755	厥	厥	jué	jue	2
2756	澄	澄	chéng	cheng	2
2757	萎	萎	wēi	wei	1
2758	哉	哉	zāi	zai	1
2759	涡	渦	wō	wo	1
2760	滔	滔	tāo	tao	1
2761	暇	暇	xiá	xia	2
2762	溯	溯	sù	su	4
2763	鳞	鱗	lín	lin	2
2764	酿	釀	niàng	niang	4
2765	茵	茵	yīn	yin	1
2766	愕	愕	è	e	4
2767	瞅	瞅	chǒu	chou	3
2768	暮	暮	mù	mu	4
2769	衙	衙	yá	ya	2
2770	诫	誡	jiè	jie	4
2771	斧	斧	fǔ	fu	3
2772	兮	兮	xī	xi	1
2773	焕	煥	huàn	huan	4
2774	棕	棕	zōng	zong	1
2775	佑	佑	yòu	you	4
2776	嘶	嘶	sī	si	1
2777	妓	妓	jì	ji	4
2778	喧	喧	xuān	xuan	1
2779	蓉	蓉	róng	rong	2
2780	删	刪	shān	shan	1
2781	樱	櫻	yīng	ying	1
2782	伺	伺	cì	ci	4
2783	嗡	嗡	wēng	weng	1
2784	娥	娥	é	e	2
2785	梢	梢	shāo	shao	1
2786	坝	壩	bà	ba	4
2787	蚕	蠶	cán	can	2
2788	敷	敷	fū	fu	1
2789	澜	瀾	lán	lan	2
2790	杏	杏	xìng	xing	4
2791	绥	綏	suí	sui	2
2792	冶	冶	yě	ye	3
2793	庇	庇	bì	bi	4
2794	挠	撓	náo	nao	2
2795	搂	摟	lǒu	lou	3
2796	倏	倏	shū	shu	1
2797	聂	聶	niè	nie	4
2798	婉	婉	wǎn	wan	3
2799	噪	噪	zào	zao	4
2800	稼	稼	jià	jia	4
2801	鳍	鰭	qí	qi	2
2802	菱	菱	líng	ling	2
2803	盏	盞	zhǎn	zhan	3
2804	匿	匿	nì	ni	4
2805	吱	吱	zhī	zhi	1
2806	寝	寢	qǐn	qin	3
2807	揽	攬	lǎn	lan	3
2808	髓	髓	suǐ	sui	3
2809	秉	秉	bǐng	bing	3
2810	哺	哺	bǔ	bu	3
2811	矢	矢	shǐ	shi	3
2812	啪	啪	pā	pa	1
2813	帜	幟	zhì	zhi	4
2814	邵	邵	shào	shao	4
2815	嗽	嗽	sòu	sou	4
2816	挟	挾	xié	xie	2
2817	缸	缸	gāng	gang	1
2818	揉	揉	róu	rou	2
2819	腻	膩	nì	ni	4
2820	驯	馴	xún	xun	2
2821	缆	纜	lǎn	lan	3
2822	晌	晌	shǎng	shang	3
2823	瘫	癱	tān	tan	1
2824	贮	貯	zhù	zhu	4
2825	觅	覓	mì	mi	4
2826	朦	朦	méng	meng	2
2827	僻	僻	pì	pi	4
2828	隋	隋	suí	sui	2
2829	蔓	蔓	màn	man	4
2830	咋	咋	zǎ	za	3
2831	嵌	嵌	qiàn	qian	4
2832	虔	虔	qián	qian	2
2833	畔	畔	pàn	pan	4
2834	琐	瑣	suǒ	suo	3
2835	碟	碟	dié	die	2
2836	涩	澀	sè	se	4
2837	胧	朧	lóng	long	2
2838	嘟	嘟	dū	du	1
2839	蹦	蹦	bèng	beng	4
2840	冢	冢	zhǒng	zhong	3
2841	浏	瀏	liú	liu	2
2842	裔	裔	yì	yi	4
2843	襟	襟	jīn	jin	1
2844	叨	叨	dāo	dao	1
2845	诀	訣	jué	jue	2
2846	旭	旭	xù	xu	4
2847	虾	蝦	xiā	xia	1
2848	簿	簿	bù	bu	4
2849	啤	啤	pí	pi	2
2850	擒	擒	qín	qin	2
2851	枣	棗	zǎo	zao	3
2852	嘎	嘎	gā	ga	1
2853	苑	苑	yuàn	yuan	4
2854	牟	牟	móu	mou	2
2855	呕	嘔	ǒu	ou	3
2856	骆	駱	luò	luo	4
2857	凸	凸	tū	tu	1
2858	熄	熄	xī	xi	1
2859	兀	兀	wù	wu	4
2860	喔	喔	ō	o	1
2861	裳	裳	shang	shang	5
2862	凹	凹	āo	ao	1
2863	赎	贖	shú	shu	2
2864	屯	屯	tún	tun	2
2865	膛	膛	táng	tang	2
2866	浇	澆	jiāo	jiao	1
2867	灼	灼	zhuó	zhuo	2
2868	裘	裘	qiú	qiu	2
2869	砰	砰	pēng	peng	1
2870	棘	棘	jí	ji	2
2871	橡	橡	xiàng	xiang	4
2872	碱	鹼	jiǎn	jian	3
2873	聋	聾	lóng	long	2
2874	姥	姥	lǎo	lao	3
2875	瑜	瑜	yú	yu	2
2876	毋	毋	wú	wu	2
2877	娅	婭	yà	ya	4
2878	沮	沮	jǔ	ju	3
2879	萌	萌	méng	meng	2
2880	俏	俏	qiào	qiao	4
2881	黯	黯	àn	an	4
2882	撇	撇	piē	pie	1
2883	粟	粟	sù	su	4
2884	粪	糞	fèn	fen	4
2885	尹	尹	yǐn	yin	3
2886	苟	苟	gǒu	gou	3
2887	癫	癲	diān	dian	1
2888	蚂	螞	mǎ	ma	3
2889	禹	禹	yǔ	yu	3
2890	廖	廖	liào	liao	4
2891	俭	儉	jiǎn	jian	3
2892	帖	帖	tiē	tie	1
2893	煎	煎	jiān	jian	1
2894	缕	縷	lǚ	lü	3
2895	窦	竇	dòu	dou	4
2896	簇	簇	cù	cu	4
2897	棱	棱	léng	leng	2
2898	叩	叩	kòu	kou	4
2899	呐	吶	nà	na	4
2900	瑶	瑤	yáo	yao	2
2901	墅	墅	shù	shu	4
2902	莺	鶯	yīng	ying	1
2903	烫	燙	tàng	tang	4
2904	蛙	蛙	wā	wa	1
2905	歹	歹	dǎi	dai	3
2906	伶	伶	líng	ling	2
2907	葱	蔥	cōng	cong	1
2908	哮	哮	xiāo	xiao	1
2909	眩	眩	xuàn	xuan	4
2910	坤	坤	kūn	kun	1
2911	廓	廓	kuò	kuo	4
2912	讳	諱	huì	hui	4
2913	啼	啼	tí	ti	2
2914	乍	乍	zhà	zha	4
2915	瓣	瓣	bàn	ban	4
2916	矫	矯	jiǎo	jiao	3
2917	跋	跋	bá	ba	2
2918	枉	枉	wǎng	wang	3
2919	梗	梗	gěng	geng	3
2920	厕	廁	cè	ce	4
2921	琢	琢	zuó	zuo	2
2922	讥	譏	jī	ji	1
2923	釉	釉	yòu	you	4
2924	窟	窟	kū	ku	1
2925	敛	斂	liǎn	lian	3
2926	轼	軾	shì	shi	4
2927	庐	廬	lú	lu	2
2928	胚	胚	pēi	pei	1
2929	呻	呻	shēn	shen	1
2930	绰	綽	chuò	chuo	4
2931	扼	扼	è	e	4
2932	懿	懿	yì	yi	4
2933	炯	炯	jiǒng	jiong	3
2934	竿	竿	gān	gan	1
2935	慷	慷	kāng	kang	1
2936	虞	虞	yú	yu	2
2937	锤	錘	chuí	chui	2
2938	栓	栓	shuān	shuan	1
2939	桨	槳	jiǎng	jiang	3
2940	蚊	蚊	wén	wen	2
2941	磅	磅	bàng	bang	4
2942	孽	孽	niè	nie	4
2943	惭	慚	cán	can	2
2944	戳	戳	chuō	chuo	1
2945	禀	稟	bǐng	bing	3
2946	鄂	鄂	è	e	4
2947	馈	饋	kuì	kui	4
2948	垣	垣	yuán	yuan	2
2949	溅	濺	jiàn	jian	4
2950	咚	咚	dōng	dong	1
2951	钙	鈣	gài	gai	4
2952	礁	礁	jiāo	jiao	1
2953	彰	彰	zhāng	zhang	1
2954	豁	豁	huō	huo	1
2955	眯	眯	mī	mi	1
2956	磷	磷	lín	lin	2
2957	雯	雯	wén	wen	2
2958	墟	墟	xū	xu	1
2959	迂	迂	yū	yu	1
2960	瞻	瞻	zhān	zhan	1
2961	颅	顱	lú	lu	2
2962	琉	琉	liú	liu	2
2963	悼	悼	dào	dao	4
2964	蝴	蝴	hú	hu	2
2965	拣	揀	jiǎn	jian	3
2966	渺	渺	miǎo	miao	3
2967	眷	眷	juàn	juan	4
2968	悯	憫	mǐn	min	3
2969	汰	汰	tài	tai	4
2970	慑	懾	shè	she	4
2971	婶	嬸	shěn	shen	3
2972	斐	斐	fěi	fei	3
2973	嘘	噓	xū	xu	1
2974	镶	鑲	xiāng	xiang	1
2975	炕	炕	kàng	kang	4
2976	宦	宦	huàn	huan	4
2977	趴	趴	pā	pa	1
2978	绷	繃	běng	beng	3
2979	窘	窘	jiǒng	jiong	3
2980	襄	襄	xiāng	xiang	1
2981	珀	珀	pò	po	4
2982	嚣	囂	xiāo	xiao	1
2983	拚	拚	pàn	pan	4
2984	酌	酌	zhuó	zhuo	2
2985	浊	濁	zhuó	zhuo	2
2986	毓	毓	yù	yu	4
2987	撼	撼	hàn	han	4
2988	嗜	嗜	shì	shi	4
2989	扛	扛	káng	kang	2
2990	峭	峭	qiào	qiao	4
2991	磕	磕	kē	ke	1
2992	翘	翹	qiào	qiao	4
2993	槽	槽	cáo	cao	2
2994	淌	淌	tǎng	tang	3
2995	栅	柵	zhà	zha	4
2996	颓	頹	tuí	tui	2
2997	熏	燻	xūn	xun	1
2998	瑛	瑛	yīng	ying	1
2999	颐	頤	yí	yi	2
3000	忖	忖	cǔn	cun	3
3001	牡	牡	mǔ	mu	3
3002	缀	綴	zhuì	zhui	4
3003	徊	徊	huái	huai	2
3004	梨	梨	lí	li	2
3005	肪	肪	fáng	fang	2
3006	涕	涕	tì	ti	4
3007	惫	憊	bèi	bei	4
3008	摹	摹	mó	mo	2
3009	踱	踱	duó	duo	2
3010	肘	肘	zhǒu	zhou	3
3011	熔	熔	róng	rong	2
3012	挚	摯	zhì	zhi	4
3013	氯	氯	lǜ	lü	4
3014	凛	凜	lǐn	lin	3
3015	绎	繹	yì	yi	4
3016	庶	庶	shù	shu	4
3017	脯	脯	pú	pu	2
3018	迭	迭	dié	die	2
3019	睦	睦	mù	mu	4
3020	窍	竅	qiào	qiao	4
3021	粥	粥	zhōu	zhou	1
3022	庵	庵	ān	an	1
3023	沧	滄	cāng	cang	1
3024	怠	怠	dài	dai	4
3025	沁	沁	qìn	qin	4
3026	奕	奕	yì	yi	4
3027	咙	嚨	lóng	long	2
3028	氨	氨	ān	an	1
3029	矗	矗	chù	chu	4
3030	盔	盔	kuī	kui	1
3031	拇	拇	mǔ	mu	3
3032	沛	沛	pèi	pei	4
3033	榻	榻	tà	ta	4
3034	揣	揣	chuāi	chuai	1
3035	崭	嶄	zhǎn	zhan	3
3036	鞘	鞘	qiào	qiao	4
3037	鞠	鞠	jū	ju	1
3038	垦	墾	kěn	ken	3
3039	洽	洽	qià	qia	4
3040	唾	唾	tuò	tuo	4
3041	橱	櫥	chú	chu	2
3042	仕	仕	shì	shi	4
3043	蜘	蜘	zhī	zhi	1
3044	痰	痰	tán	tan	2
3045	袜	襪	wà	wa	4
3046	峙	峙	zhì	zhi	4
3047	柬	柬	jiǎn	jian	3
3048	蝉	蟬	chán	chan	2
3049	蟹	蟹	xiè	xie	4
3050	谏	諫	jiàn	jian	4
3051	鹃	鵑	juān	juan	1
3052	擎	擎	qíng	qing	2
3053	皓	皓	hào	hao	4
3054	朕	朕	zhèn	zhen	4
3055	疤	疤	bā	ba	1
3056	禺	禺	yú	yu	2
3057	铲	鏟	chǎn	chan	3
3058	酶	酶	méi	mei	2
3059	钝	鈍	dùn	dun	4
3060	氓	氓	máng	mang	2
3061	匣	匣	xiá	xia	2
3062	弧	弧	hú	hu	2
3063	峨	峨	é	e	2
3064	锥	錐	zhuī	zhui	1
3065	揪	揪	jiū	jiu	1
3066	杠	槓	gāng	gang	1
3067	吭	吭	kēng	keng	1
3068	崛	崛	jué	jue	2
3069	诬	誣	wū	wu	1
3070	冉	冉	rǎn	ran	3
3071	抒	抒	shū	shu	1
3072	庚	庚	gēng	geng	1
3073	悍	悍	hàn	han	4
3074	靡	靡	mí	mi	2
3075	晦	晦	huì	hui	4
3076	醋	醋	cù	cu	4
3077	壕	壕	háo	hao	2
3078	锯	鋸	jù	ju	4
3079	夭	夭	yāo	yao	1
3080	咦	咦	yí	yi	2
3081	侈	侈	chǐ	chi	3
3082	婢	婢	bì	bi	4
3083	猾	猾	huá	hua	2
3084	徘	徘	pái	pai	2
3085	硝	硝	xiāo	xiao	1
3086	煽	煽	shān	shan	1
3087	皂	皁	zào	zao	4
3088	舵	舵	duò	duo	4
3089	嗦	嗦	suo	suo	5
3090	狈	狽	bèi	bei	4
3091	靴	靴	xuē	xue	1
3092	捂	捂	wǔ	wu	3
3093	疮	瘡	chuāng	chuang	1
3094	郝	郝	hǎo	hao	3
3095	苛	苛	kē	ke	1
3096	秽	穢	huì	hui	4
3097	茜	茜	qiàn	qian	4
3098	搓	搓	cuō	cuo	1
3099	芸	芸	yún	yun	2
3100	酱	醬	jiàng	jiang	4
3101	赁	賃	lìn	lin	4
3102	檐	檐	yán	yan	2
3103	饷	餉	xiǎng	xiang	3
3104	蕉	蕉	jiāo	jiao	1
3105	铀	鈾	yóu	you	2
3106	苔	苔	tái	tai	2
3107	赦	赦	shè	she	4
3108	缎	緞	duàn	duan	4
3109	舷	舷	xián	xian	2
3110	筷	筷	kuài	kuai	4
3111	朔	朔	shuò	shuo	4
3112	婪	婪	lán	lan	2
3113	紊	紊	wěn	wen	3
3114	厮	廝	sī	si	1
3115	婿	婿	xù	xu	4
3116	寥	寥	liáo	liao	2
3117	兢	兢	jīng	jing	1
3118	糙	糙	cāo	cao	1
3119	卦	卦	guà	gua	4
3120	槐	槐	huái	huai	2
3121	扒	扒	bā	ba	1
3122	裴	裴	péi	pei	2
3123	祀	祀	sì	si	4
3124	埔	埔	bù	bu	4
3125	絮	絮	xù	xu	4
3126	芭	芭	bā	ba	1
3127	屉	屜	tì	ti	4
3128	痪	瘓	huàn	huan	4
3129	霄	霄	xiāo	xiao	1
3130	绽	綻	zhàn	zhan	4
3131	宵	宵	xiāo	xiao	1
3132	邑	邑	yì	yi	4
3133	霖	霖	lín	lin	2
3134	岔	岔	chà	cha	4
3135	饵	餌	ěr	er	3
3136	茄	茄	jiā	jia	1
3137	韧	韌	rèn	ren	4
3138	琪	琪	qí	qi	2
3139	邹	鄒	zōu	zou	1
3140	瑚	瑚	hú	hu	2
3141	憋	憋	biē	bie	1
3142	殆	殆	dài	dai	4
3143	噜	嚕	lū	lu	1
3144	忒	忒	tè	te	4
3145	忿	忿	fèn	fen	4
3146	衅	釁	xìn	xin	4
3147	淳	淳	chún	chun	2
3148	悖	悖	bèi	bei	4
3149	髦	髦	máo	mao	2
3150	孜	孜	zī	zi	1
3151	粤	粵	yuè	yue	4
3152	隘	隘	ài	ai	4
3153	濒	瀕	bīn	bin	1
3154	铮	錚	zhēng	zheng	1
3155	畸	畸	jī	ji	1
3156	剔	剔	tī	ti	1
3157	坞	塢	wù	wu	4
3158	篱	籬	lí	li	2
3159	淀	澱	diàn	dian	4
3160	蓦	驀	mò	mo	4
3161	唬	唬	hǔ	hu	3
3162	锣	鑼	luó	luo	2
3163	汀	汀	tīng	ting	1
3164	趾	趾	zhǐ	zhi	3
3165	缉	緝	jī	ji	1
3166	嫦	嫦	cháng	chang	2
3167	斟	斟	zhēn	zhen	1
3168	鞍	鞍	ān	an	1
3169	扳	扳	bān	ban	1
3170	拴	拴	shuān	shuan	1
3171	诅	詛	zǔ	zu	3
3172	谟	謨	mó	mo	2
3173	呃	呃	è	e	4
3174	懦	懦	nuò	nuo	4
3175	逞	逞	chěng	cheng	3
3176	犁	犁	lí	li	2
3177	忏	懺	chàn	chan	4
3178	拧	擰	níng	ning	2
3179	亥	亥	hài	hai	4
3180	佟	佟	tóng	tong	2
3181	叱	叱	chì	chi	4
3182	舜	舜	shùn	shun	4
3183	绊	絆	bàn	ban	4
3184	龚	龔	gōng	gong	1
3185	腮	腮	sāi	sai	1
3186	邸	邸	dǐ	di	3
3187	椒	椒	jiāo	jiao	1
3188	蔚	蔚	wèi	wei	4
3189	湛	湛	zhàn	zhan	4
3190	狩	狩	shòu	shou	4
3191	眶	眶	kuàng	kuang	4
3192	栈	棧	zhàn	zhan	4
3193	薇	薇	wēi	wei	1
3194	肮	骯	āng	ang	1
3195	瀑	瀑	pù	pu	4
3196	渣	渣	zhā	zha	1
3197	褂	褂	guà	gua	4
3198	叽	嘰	jī	ji	1
3199	臀	臀	tún	tun	2
3200	妞	妞	niū	niu	1
3201	巍	巍	wēi	wei	1
3202	唔	唔	wú	wu	2
3203	疚	疚	jiù	jiu	4
3204	鲤	鯉	lǐ	li	3
3205	戎	戎	róng	rong	2
3206	肇	肇	zhào	zhao	4
3207	笃	篤	dǔ	du	3
3208	辙	轍	zhé	zhe	2
3209	娴	嫺	xián	xian	2
3210	阮	阮	ruǎn	ruan	3
3211	札	札	zhá	zha	2
3212	懊	懊	ào	ao	4
3213	焘	燾	dào	dao	4
3214	恤	恤	xù	xu	4
3215	疹	疹	zhěn	zhen	3
3216	潇	瀟	xiāo	xiao	1
3217	铝	鋁	lǚ	lü	3
3218	涤	滌	dí	di	2
3219	恃	恃	shì	shi	4
3220	喽	嘍	lóu	lou	2
3221	砌	砌	qì	qi	4
3222	遁	遁	dùn	dun	4
3223	楞	楞	léng	leng	2
3224	阱	阱	jǐng	jing	3
3225	咎	咎	jiù	jiu	4
3226	洼	窪	wā	wa	1
3227	炳	炳	bǐng	bing	3
3228	噬	噬	shì	shi	4
3229	枫	楓	fēng	feng	1
3230	拷	拷	kǎo	kao	3
3231	哆	哆	duō	duo	1
3232	矶	磯	jī	ji	1
3233	苇	葦	wěi	wei	3
3234	翩	翩	piān	pian	1
3235	窒	窒	zhì	zhi	4
3236	侬	儂	nóng	nong	2
3237	靶	靶	bǎ	ba	3
3238	胰	胰	yí	yi	2
3239	芜	蕪	wú	wu	2
3240	辫	辮	biàn	bian	4
3241	嚎	嚎	háo	hao	2
3242	妾	妾	qiè	qie	4
3243	幌	幌	huǎng	huang	3
3244	踉	踉	liáng	liang	2
3245	佃	佃	diàn	dian	4
3246	葫	葫	hú	hu	2
3247	皖	皖	wǎn	wan	3
3248	拽	拽	zhuāi	zhuai	1
3249	滤	濾	lǜ	lü	4
3250	睬	睬	cǎi	cai	3
3251	俞	俞	yú	yu	2
3252	匕	匕	bǐ	bi	3
3253	谤	謗	bàng	bang	4
3254	嗤	嗤	chī	chi	1
3255	捍	捍	hàn	han	4
3256	孵	孵	fū	fu	1
3257	倪	倪	ní	ni	2
3258	瘾	癮	yǐn	yin	3
3259	敝	敝	bì	bi	4
3260	匡	匡	kuāng	kuang	1
3261	磋	磋	cuō	cuo	1
3262	绫	綾	líng	ling	2
3263	淆	淆	xiáo	xiao	2
3264	尧	堯	yáo	yao	2
3265	蕊	蕊	ruǐ	rui	3
3266	烘	烘	hōng	hong	1
3267	璋	璋	zhāng	zhang	1
3268	亢	亢	kàng	kang	4
3269	轧	軋	yà	ya	4
3270	赂	賂	lù	lu	4
3271	蝗	蝗	huáng	huang	2
3272	榆	榆	yú	yu	2
3273	骏	駿	jùn	jun	4
3274	诛	誅	zhū	zhu	1
3275	勺	勺	sháo	shao	2
3276	梵	梵	fàn	fan	4
3277	炽	熾	chì	chi	4
3278	笠	笠	lì	li	4
3279	颌	頜	hé	he	2
3280	闸	閘	zhá	zha	2
3281	狒	狒	fèi	fei	4
3282	樊	樊	fán	fan	2
3283	镕	鎔	róng	rong	2
3284	垢	垢	gòu	gou	4
3285	瘟	瘟	wēn	wen	1
3286	缪	繆	móu	mou	2
3287	菇	菇	gū	gu	1
3288	琦	琦	qí	qi	2
3289	剃	剃	tì	ti	4
3290	迸	迸	bèng	beng	4
3291	溺	溺	nì	ni	4
3292	炫	炫	xuàn	xuan	4
3293	惚	惚	hū	hu	1
3294	嗨	嗨	hāi	hai	1
3295	陨	隕	yǔn	yun	3
3296	赃	贓	zāng	zang	1
3297	羁	羈	jī	ji	1
3298	臻	臻	zhēn	zhen	1
3299	嘀	嘀	dí	di	2
3300	膳	膳	shàn	shan	4
3301	赣	贛	gàn	gan	4
3302	踌	躊	chóu	chou	2
3303	殉	殉	xùn	xun	4
3304	桔	桔	jú	ju	2
3305	瞿	瞿	qú	qu	2
3306	闽	閩	mǐn	min	3
3307	豚	豚	tún	tun	2
3308	掺	摻	càn	can	4
3309	沌	沌	dùn	dun	4
3310	惰	惰	duò	duo	4
3311	喳	喳	zhā	zha	1
3312	椭	橢	tuǒ	tuo	3
3313	咪	咪	mī	mi	1
3314	霎	霎	shà	sha	4
3315	侃	侃	kǎn	kan	3
3316	猝	猝	cù	cu	4
3317	窖	窖	jiào	jiao	4
3318	戮	戮	lù	lu	4
3319	祠	祠	cí	ci	2
3320	瞩	矚	zhǔ	zhu	3
3321	菁	菁	jīng	jing	1
3322	躇	躇	chú	chu	2
3323	佬	佬	lǎo	lao	3
3324	肋	肋	lē	le	1
3325	咄	咄	duō	duo	1
3326	忡	忡	chōng	chong	1
3327	雍	雍	yōng	yong	1
3328	忱	忱	chén	chen	2
3329	蕾	蕾	lěi	lei	3
3330	跄	蹌	qiāng	qiang	1
3331	硅	硅	guī	gui	1
3332	伎	伎	jì	ji	4
3333	炊	炊	chuī	chui	1
3334	钊	釗	zhāo	zhao	1
3335	蝠	蝠	fú	fu	2
3336	屎	屎	shǐ	shi	3
3337	拭	拭	shì	shi	4
3338	谛	諦	dì	di	4
3339	褪	褪	tuì	tui	4
3340	丞	丞	chéng	cheng	2
3341	卉	卉	huì	hui	4
3342	隧	隧	suì	sui	4
3343	茸	茸	rōng	rong	1
3344	钳	鉗	qián	qian	2
3345	啃	啃	kěn	ken	3
3346	伢	伢	yá	ya	2
3347	闺	閨	guī	gui	1
3348	舔	舔	tiǎn	tian	3
3349	蹬	蹬	dēng	deng	1
3350	挛	攣	luán	luan	2
3351	眺	眺	tiào	tiao	4
3352	袱	袱	fú	fu	2
3353	陇	隴	lǒng	long	3
3354	殴	毆	ōu	ou	1
3355	柿	柿	shì	shi	4
3356	梧	梧	wú	wu	2
3357	惺	惺	xīng	xing	1
3358	弛	弛	chí	chi	2
3359	侥	僥	jiǎo	jiao	3
3360	琛	琛	chēn	chen	1
3361	捅	捅	tǒng	tong	3
3362	酝	醞	yùn	yun	4
3363	薯	薯	shǔ	shu	3
3364	曳	曳	yè	ye	4
3365	澈	澈	chè	che	4
3366	锈	鏽	xiù	xiu	4
3367	稠	稠	chóu	chou	2
3368	眸	眸	móu	mou	2
3369	咆	咆	páo	pao	2
3370	簧	簧	huáng	huang	2
3371	鸥	鷗	ōu	ou	1
3372	疡	瘍	yáng	yang	2
3373	渎	瀆	dú	du	2
3374	汲	汲	jí	ji	2
3375	嬉	嬉	xī	xi	1
3376	脓	膿	nóng	nong	2
3377	骡	騾	luó	luo	2
3378	穗	穗	suì	sui	4
3379	槛	檻	kǎn	kan	3
3380	拎	拎	līn	lin	1
3381	巳	巳	sì	si	4
3382	邢	邢	xíng	xing	2
3383	廿	廿	niàn	nian	4
3384	搀	攙	chān	chan	1
3385	曙	曙	shǔ	shu	3
3386	樵	樵	qiáo	qiao	2
3387	隅	隅	yú	yu	2
3388	筛	篩	shāi	shai	1
3389	谒	謁	yè	ye	4
3390	倭	倭	wō	wo	1
3391	痹	痹	bì	bi	4
3392	猖	猖	chāng	chang	1
3393	佯	佯	yáng	yang	2
3394	肛	肛	gāng	gang	1
3395	奚	奚	xī	xi	1
3396	甭	甭	béng	beng	2
3397	抨	抨	pēng	peng	1
3398	蛾	蛾	é	e	2
3399	唠	嘮	láo	lao	2
3400	荧	熒	yíng	ying	2
3401	嵩	嵩	sōng	song	1
3402	漱	漱	shù	shu	4
3403	酋	酋	qiú	qiu	2
3404	攘	攘	rǎng	rang	3
3405	诘	詰	jí	ji	2
3406	篡	篡	cuàn	cuan	4
3407	睿	睿	ruì	rui	4
3408	噩	噩	è	e	4
3409	怅	悵	chàng	chang	4
3410	盎	盎	àng	ang	4
3411	徙	徙	xǐ	xi	3
3412	鞅	鞅	yāng	yang	1
3413	漓	漓	lí	li	2
3414	祟	祟	suì	sui	4
3415	睫	睫	jié	jie	2
3416	攸	攸	yōu	you	1
3417	翎	翎	líng	ling	2
3418	呛	嗆	qiāng	qiang	1
3419	筐	筐	kuāng	kuang	1
3420	堑	塹	qiàn	qian	4
3421	檀	檀	tán	tan	2
3422	寅	寅	yín	yin	2
3423	磊	磊	lěi	lei	3
3424	驭	馭	yù	yu	4
3425	惘	惘	wǎng	wang	3
3426	吠	吠	fèi	fei	4
3427	驮	馱	tuó	tuo	2
3428	瑙	瑙	nǎo	nao	3
3429	炬	炬	jù	ju	4
3430	痉	痙	jìng	jing	4
3431	曝	曝	pù	pu	4
3432	恺	愷	kǎi	kai	3
3433	胺	胺	àn	an	4
3434	萤	螢	yíng	ying	2
3435	敕	敕	chì	chi	4
3436	筝	箏	zhēng	zheng	1
3437	幡	幡	fān	fan	1
3438	霹	霹	pī	pi	1
3439	竺	竺	zhú	zhu	2
3440	烙	烙	lào	lao	4
3441	毗	毗	pí	pi	2
3442	鸠	鳩	jiū	jiu	1
3443	埠	埠	bù	bu	4
3444	蒜	蒜	suàn	suan	4
3445	阜	阜	fù	fu	4
3446	嘈	嘈	cáo	cao	2
3447	乒	乒	pīng	ping	1
3448	帷	帷	wéi	wei	2
3449	啄	啄	zhuó	zhuo	2
3450	鳌	鰲	áo	ao	2
3451	毡	氈	zhān	zhan	1
3452	阙	闕	quē	que	1
3453	褥	褥	rù	ru	4
3454	搔	搔	sāo	sao	1
3455	笋	筍	sǔn	sun	3
3456	冕	冕	miǎn	mian	3
3457	狞	獰	níng	ning	2
3458	韶	韶	sháo	shao	2
3459	骼	骼	gé	ge	2
3460	蔼	藹	ǎi	ai	3
3461	烹	烹	pēng	peng	1
3462	奄	奄	yǎn	yan	3
3463	嫖	嫖	piáo	piao	2
3464	沐	沐	mù	mu	4
3465	噗	噗	pū	pu	1
3466	岑	岑	cén	cen	2
3467	蛟	蛟	jiāo	jiao	1
3468	掳	擄	lǔ	lu	3
3469	咏	詠	yǒng	yong	3
3470	弩	弩	nǔ	nu	3
3471	捻	捻	niǎn	nian	3
3472	圃	圃	pǔ	pu	3
3473	孚	孚	fú	fu	2
3474	悴	悴	cuì	cui	4
3475	诣	詣	yì	yi	4
3476	呱	呱	gū	gu	1
3477	祁	祁	qí	qi	2
3478	捶	捶	chuí	chui	2
3479	钠	鈉	nà	na	4
3480	袄	襖	ǎo	ao	3
3481	澎	澎	pēng	peng	1
3482	氮	氮	dàn	dan	4
3483	恪	恪	kè	ke	4
3484	雏	雛	chú	chu	2
3485	撮	撮	cuō	cuo	1
3486	堰	堰	yàn	yan	4
3487	彷	彷	fǎng	fang	3
3488	鹦	鸚	yīng	ying	1
3489	晖	暉	huī	hui	1
3490	犀	犀	xī	xi	1
3491	腑	腑	fǔ	fu	3
3492	沽	沽	gū	gu	1
3493	橄	橄	gǎn	gan	3
3494	掐	掐	qiā	qia	1
3495	亵	褻	xiè	xie	4
3496	龋	齲	qǔ	qu	3
3497	嗒	嗒	dā	da	1
3498	咀	咀	jǔ	ju	3
3499	祺	祺	qí	qi	2
3500	锚	錨	máo	mao	2
3501	匾	匾	biǎn	bian	3
3502	乓	乓	pāng	pang	1
3503	萃	萃	cuì	cui	4
3504	贻	貽	yí	yi	2
3505	揖	揖	yī	yi	1
3506	觑	覷	qù	qu	4
3507	吝	吝	lìn	lin	4
3508	憔	憔	qiáo	qiao	2
3509	羌	羌	qiāng	qiang	1
3510	诲	誨	huì	hui	4
3511	砾	礫	lì	li	4
3512	蠕	蠕	rú	ru	2
3513	肴	餚	yáo	yao	2
3514	撩	撩	liāo	liao	1
3515	坍	坍	tān	tan	1
3516	酥	酥	sū	su	1
3517	袅	嫋	niǎo	niao	3
3518	黝	黝	yǒu	you	3
3519	俾	俾	bǐ	bi	3
3520	嫣	嫣	yān	yan	1
3521	穹	穹	qióng	qiong	2
3522	秧	秧	yāng	yang	1
3523	妊	妊	rèn	ren	4
3524	溉	溉	gài	gai	4
3525	鹊	鵲	què	que	4
3526	聿	聿	yù	yu	4
3527	疙	疙	gē	ge	1
3528	蘑	蘑	mó	mo	2
3529	睾	睾	gāo	gao	1
3530	楷	楷	kǎi	kai	3
3531	酵	酵	jiào	jiao	4
3532	茹	茹	rú	ru	2
3533	锌	鋅	xīn	xin	1
3534	滇	滇	diān	dian	1
3535	辗	輾	niǎn	nian	3
3536	纂	纂	zuǎn	zuan	3
3537	圭	圭	guī	gui	1
3538	幔	幔	màn	man	4
3539	褒	褒	bāo	bao	1
3540	揍	揍	zòu	zou	4
3541	诽	誹	fěi	fei	3
3542	倔	倔	jué	jue	2
3543	腓	腓	féi	fei	2
3544	颉	頡	jié	jie	2
3545	锄	鋤	chú	chu	2
3546	嗔	嗔	chēn	chen	1
3547	磺	磺	huáng	huang	2
3548	攒	攢	zǎn	zan	3
3549	瘩	瘩	da	da	5
3550	雳	靂	lì	li	4
3551	吆	吆	yāo	yao	1
3552	悚	悚	sǒng	song	3
3553	墩	墩	dūn	dun	1
3554	彝	彝	yí	yi	2
3555	囱	囪	cōng	cong	1
3556	逍	逍	xiāo	xiao	1
3557	辄	輒	zhé	zhe	2
3558	桅	桅	wéi	wei	2
3559	俨	儼	yǎn	yan	3
3560	纶	綸	lún	lun	2
3561	悸	悸	jì	ji	4
3562	殃	殃	yāng	yang	1
3563	帧	幀	zhèng	zheng	4
3564	俐	俐	lì	li	4
3565	绮	綺	qǐ	qi	3
3566	袒	袒	tǎn	tan	3
3567	籽	籽	zǐ	zi	3
3568	孰	孰	shú	shu	2
3569	愫	愫	sù	su	4
3570	拌	拌	bàn	ban	4
3571	橙	橙	chéng	cheng	2
3572	暨	暨	jì	ji	4
3573	敖	敖	áo	ao	2
3574	赘	贅	zhuì	zhui	4
3575	抉	抉	jué	jue	2
3576	淤	淤	yū	yu	1
3577	剌	剌	lá	la	2
3578	娼	娼	chāng	chang	1
3579	顼	頊	xū	xu	1
3580	葵	葵	kuí	kui	2
3581	哝	噥	nóng	nong	2
3582	酣	酣	hān	han	1
3583	麓	麓	lù	lu	4
3584	钵	鉢	bō	bo	1
3585	琅	琅	láng	lang	2
3586	簸	簸	bǒ	bo	3
3587	禾	禾	hé	he	2
3588	铢	銖	zhū	zhu	1
3589	璧	璧	bì	bi	4
3590	娠	娠	shēn	shen	1
3591	彗	彗	huì	hui	4
3592	惋	惋	wǎn	wan	3
3593	腋	腋	yè	ye	4
3594	螂	螂	láng	lang	2
3595	阪	阪	bǎn	ban	3
3596	掣	掣	chè	che	4
3597	劾	劾	hé	he	2
3598	沥	瀝	lì	li	4
3599	粱	粱	liáng	liang	2
3600	嚓	嚓	cā	ca	1
3601	惮	憚	dàn	dan	4
3602	氖	氖	nǎi	nai	3
3603	捎	捎	shāo	shao	1
3604	羔	羔	gāo	gao	1
3605	俟	俟	qí	qi	2
3606	渲	渲	xuàn	xuan	4
3607	榄	欖	lǎn	lan	3
3608	茧	繭	jiǎn	jian	3
3609	霓	霓	ní	ni	2
3610	鹉	鵡	wǔ	wu	3
3611	胥	胥	xū	xu	1
3612	琶	琶	pá	pa	2
3613	撬	撬	qiào	qiao	4
3614	橘	橘	jú	ju	2
3615	醫	醫	yī	yi	1
3616	拈	拈	niān	nian	1
3617	笆	笆	bā	ba	1
3618	痊	痊	quán	quan	2
3619	亟	亟	jí	ji	2
3620	渭	渭	wèi	wei	4
3621	狙	狙	jū	ju	1
3622	珂	珂	kē	ke	1
3623	刨	刨	páo	pao	2
3624	蜕	蛻	tuì	tui	4
3625	谚	諺	yàn	yan	4
3626	憧	憧	chōng	chong	1
3627	瞟	瞟	piǎo	piao	3
3628	馒	饅	mán	man	2
3629	拗	拗	ǎo	ao	3
3630	帚	帚	zhǒu	zhou	3
3631	钗	釵	chāi	chai	1
3632	哧	哧	chī	chi	1
3633	喋	喋	dié	die	2
3634	箫	簫	xiāo	xiao	1
3635	刁	刁	diāo	diao	1
3636	怦	怦	pēng	peng	1
3637	缭	繚	liáo	liao	2
3638	迥	迥	jiǒng	jiong	3
3639	湄	湄	méi	mei	2
3640	磐	磐	pán	pan	2
3641	渝	渝	yú	yu	2
3642	冗	冗	rǒng	rong	3
3643	闵	閔	mǐn	min	3
3644	噶	噶	gá	ga	2
3645	黏	黏	nián	nian	2
3646	蕃	蕃	fān	fan	1
3647	弼	弼	bì	bi	4
3648	驿	驛	yì	yi	4
3649	淄	淄	zī	zi	1
3650	饺	餃	jiǎo	jiao	3
3651	踞	踞	jù	ju	4
3652	韬	韜	tāo	tao	1
3653	婷	婷	tíng	ting	2
3654	唆	唆	suō	suo	1
3655	蜒	蜒	yán	yan	2
3656	偎	偎	wēi	wei	1
3657	榨	榨	zhà	zha	4
3658	漉	漉	lù	lu	4
3659	碉	碉	diāo	diao	1
3660	皈	皈	guī	gui	1
3661	矜	矜	jīn	jin	1
3662	笈	笈	jí	ji	2
3663	枷	枷	jiā	jia	1
3664	鲨	鯊	shā	sha	1
3665	蹑	躡	niè	nie	4
3666	瀚	瀚	hàn	han	4
3667	酪	酪	lào	lao	4
3668	谑	謔	xuè	xue	4
3669	癖	癖	pǐ	pi	3
3670	烬	燼	jìn	jin	4
3671	揩	揩	kāi	kai	1
3672	炙	炙	zhì	zhi	4
3673	蜷	蜷	quán	quan	2
3674	侏	侏	zhū	zhu	1
3675	凋	凋	diāo	diao	1
3676	漪	漪	yī	yi	1
3677	悻	悻	xìng	xing	4
3678	蹋	蹋	tà	ta	4
3679	讪	訕	shàn	shan	4
3680	搐	搐	chù	chu	4
3681	碘	碘	diǎn	dian	3
3682	帛	帛	bó	bo	2
3683	诠	詮	quán	quan	2
3684	碾	碾	niǎn	nian	3
3685	擂	擂	léi	lei	2
3686	苯	苯	běn	ben	3
3687	诃	訶	hē	he	1
3688	铎	鐸	duó	duo	2
3689	戊	戊	wù	wu	4
3690	荀	荀	xún	xun	2
3691	驹	駒	jū	ju	1
3692	攫	攫	jué	jue	2
3693	憬	憬	jǐng	jing	3
3694	哽	哽	gěng	geng	3
3695	踵	踵	zhǒng	zhong	3
3696	蟒	蟒	mǎng	mang	3
3697	漾	漾	yàng	yang	4
3698	啧	嘖	zé	ze	2
3699	吮	吮	shǔn	shun	3
3700	楠	楠	nán	nan	2
3701	氟	氟	fú	fu	2
3702	怂	慫	sǒng	song	3
3703	叼	叼	diāo	diao	1
3704	竣	竣	jùn	jun	4
3705	偕	偕	xié	xie	2
3706	漩	漩	xuán	xuan	2
3707	蹭	蹭	cèng	ceng	4
3708	翌	翌	yì	yi	4
3709	臆	臆	yì	yi	4
3710	挝	撾	wō	wo	1
3711	绚	絢	xuàn	xuan	4
3712	崽	崽	zǎi	zai	3
3713	糜	糜	mí	mi	2
3714	瘢	瘢	bān	ban	1
3715	跤	跤	jiāo	jiao	1
3716	阑	闌	lán	lan	2
3717	恬	恬	tián	tian	2
3718	豢	豢	huàn	huan	4
3719	汶	汶	wèn	wen	4
3720	跷	蹺	qiāo	qiao	1
3721	琵	琵	pí	pi	2
3722	憨	憨	hān	han	1
3723	蜗	蝸	wō	wo	1
3724	螅	螅	xī	xi	1
3725	惴	惴	zhuì	zhui	4
3726	戟	戟	jǐ	ji	3
3727	匮	匱	kuì	kui	4
3728	恙	恙	yàng	yang	4
3729	抿	抿	mǐn	min	3
3730	桢	楨	zhēn	zhen	1
3731	笺	箋	jiān	jian	1
3732	蛤	蛤	há	ha	2
3733	瞳	瞳	tóng	tong	2
3734	藥	藥	yào	yao	4
3735	瓢	瓢	piáo	piao	2
3736	衹	衹	zhǐ	zhi	3
3737	秤	秤	chèng	cheng	4
3738	跺	跺	duò	duo	4
3739	潦	潦	lǎo	lao	3
3740	芹	芹	qín	qin	2
3741	哒	噠	dā	da	1
3742	饬	飭	chì	chi	4
3743	栩	栩	xǔ	xu	3
3744	曦	曦	xī	xi	1
3745	骷	骷	kū	ku	1
3746	嫡	嫡	dí	di	2
3747	卤	滷	lǔ	lu	3
3748	丕	丕	pī	pi	1
3749	鬓	鬢	bìn	bin	4
3750	梓	梓	zǐ	zi	3
3751	嗖	嗖	sōu	sou	1
3752	惦	惦	diàn	dian	4
3753	浚	浚	jùn	jun	4
3754	咔	咔	kā	ka	1
3755	藐	藐	miǎo	miao	3
3756	荃	荃	quán	quan	2
3757	唧	唧	jī	ji	1
3758	玺	璽	xǐ	xi	3
3759	汛	汛	xùn	xun	4
3760	铐	銬	kào	kao	4
3761	髅	髏	lóu	lou	2
3762	渤	渤	bó	bo	2
3763	皿	皿	mǐn	min	3
3764	箍	箍	gū	gu	1
3765	馅	餡	xiàn	xian	4
3766	汾	汾	fén	fen	2
3767	戍	戍	shù	shu	4
3768	痔	痔	zhì	zhi	4
3769	褶	褶	zhě	zhe	3
3770	聆	聆	líng	ling	2
3771	涎	涎	xián	xian	2
3772	汞	汞	gǒng	gong	3
3773	渍	漬	zì	zi	4
3774	奂	奐	huàn	huan	4
3775	巅	巔	diān	dian	1
3776	疣	疣	yóu	you	2
3777	傩	儺	nuó	nuo	2
3778	逵	逵	kuí	kui	2
3779	耆	耆	qí	qi	2
3780	蟋	蟋	xī	xi	1
3781	鳄	鱷	è	e	4
3782	讹	訛	é	e	2
3783	膺	膺	yīng	ying	1
3784	蹿	躥	cuān	cuan	1
3785	筏	筏	fá	fa	2
3786	釜	釜	fǔ	fu	3
3787	沂	沂	yí	yi	2
3788	坯	坯	pī	pi	1
3789	峦	巒	luán	luan	2
3790	茬	茬	chá	cha	2
3791	摒	摒	bǐng	bing	3
3792	蟀	蟀	shuài	shuai	4
3793	撵	攆	niǎn	nian	3
3794	浒	滸	hǔ	hu	3
3795	缤	繽	bīn	bin	1
3796	嵋	嵋	méi	mei	2
3797	珑	瓏	lóng	long	2
3798	苞	苞	bāo	bao	1
3799	瑾	瑾	jǐn	jin	3
3800	泵	泵	bèng	beng	4
3801	钾	鉀	jiǎ	jia	3
3802	暧	曖	ài	ai	4
3803	赓	賡	gēng	geng	1
3804	叟	叟	sǒu	sou	3
3805	佚	佚	yì	yi	4
3806	沓	沓	dá	da	2
3807	撂	撂	liào	liao	4
3808	蛊	蠱	gǔ	gu	3
3809	甥	甥	shēng	sheng	1
3810	璐	璐	lù	lu	4
3811	晏	晏	yàn	yan	4
3812	瘪	癟	biě	bie	3
3813	漳	漳	zhāng	zhang	1
3814	阉	閹	yān	yan	1
3815	蹂	蹂	róu	rou	2
3816	鳃	鰓	sāi	sai	1
3817	琏	璉	liǎn	lian	3
3818	湃	湃	pài	pai	4
3819	辘	轆	lù	lu	4
3820	僭	僭	jiàn	jian	4
3821	躏	躪	lìn	lin	4
3822	鼾	鼾	hān	han	1
3823	懵	懵	měng	meng	3
3824	镰	鐮	lián	lian	2
3825	寐	寐	mèi	mei	4
3826	褚	褚	chǔ	chu	3
3827	攥	攥	zuàn	zuan	4
3828	涧	澗	jiàn	jian	4
3829	蝙	蝙	biān	bian	1
3830	脐	臍	qí	qi	2
3831	辕	轅	yuán	yuan	2
3832	涣	渙	huàn	huan	4
3833	杞	杞	qǐ	qi	3
3834	煜	煜	yù	yu	4
3835	骥	驥	jì	ji	4
3836	傣	傣	dǎi	dai	3
3837	嗳	噯	āi	ai	1
3838	祯	禎	zhēn	zhen	1
3839	酉	酉	yǒu	you	3
3840	秸	秸	jiē	jie	1
3841	捺	捺	nà	na	4
3842	瑕	瑕	xiá	xia	2
3843	鑫	鑫	xīn	xin	1
3844	馋	饞	chán	chan	2
3845	窿	窿	lóng	long	2
3846	楔	楔	xiē	xie	1
3847	胱	胱	guāng	guang	1
3848	荔	荔	lì	li	4
3849	蟆	蟆	má	ma	2
3850	湍	湍	tuān	tuan	1
3851	屹	屹	yì	yi	4
3852	遐	遐	xiá	xia	2
3853	轲	軻	kē	ke	1
3854	镯	鐲	zhuó	zhuo	2
3855	缰	繮	jiāng	jiang	1
3856	桦	樺	huà	hua	4
3857	炖	燉	dùn	dun	4
3858	钡	鋇	bèi	bei	4
3859	羚	羚	líng	ling	2
3860	啬	嗇	sè	se	4
3861	诩	詡	xǔ	xu	3
3862	绯	緋	fēi	fei	1
3863	掖	掖	yē	ye	1
3864	箓	籙	lù	lu	4
3865	涸	涸	hé	he	2
3866	鸳	鴛	yuān	yuan	1
3867	塾	塾	shú	shu	2
3868	呸	呸	pēi	pei	1
3869	抡	掄	lūn	lun	1
3870	擞	擻	sǒu	sou	3
3871	熹	熹	xī	xi	1
3872	坷	坷	kě	ke	3
3873	瓮	甕	wèng	weng	4
3874	亘	亙	gèn	gen	4
3875	嗟	嗟	jiē	jie	1
3876	筵	筵	yán	yan	2
3877	跛	跛	bǒ	bo	3
3878	汕	汕	shàn	shan	4
3879	欤	歟	yú	yu	2
3880	壑	壑	hè	he	4
3881	颍	潁	yǐng	ying	3
3882	溥	溥	pǔ	pu	3
3883	姗	姍	shān	shan	1
3884	踊	踊	yǒng	yong	3
3885	枭	梟	xiāo	xiao	1
3886	暄	暄	xuān	xuan	1
3887	稷	稷	jì	ji	4
3888	跚	跚	shān	shan	1
3889	涟	漣	lián	lian	2
3890	瀛	瀛	yíng	ying	2
3891	笙	笙	shēng	sheng	1
3892	滕	滕	téng	teng	2
3893	踝	踝	huái	huai	2
3894	贰	貳	èr	er	4
3895	瞰	瞰	kàn	kan	4
3896	恻	惻	cè	ce	4
3897	嚏	嚏	tì	ti	4
3898	迢	迢	tiáo	tiao	2
3899	獗	獗	jué	jue	2
3900	邯	邯	hán	han	2
3901	睑	瞼	jiǎn	jian	3
3902	赡	贍	shàn	shan	4
3903	萦	縈	yíng	ying	2
3904	珥	珥	ěr	er	3
3905	酮	酮	tóng	tong	2
3906	璞	璞	pú	pu	2
3907	羹	羹	gēng	geng	1
3908	缄	緘	jiān	jian	1
3909	晾	晾	liàng	liang	4
3910	俸	俸	fèng	feng	4
3911	媲	媲	pì	pi	4
3912	鸾	鸞	luán	luan	2
3913	恿	恿	yǒng	yong	3
3914	蜿	蜿	wān	wan	1
3915	犊	犢	dú	du	2
3916	讷	訥	nè	ne	4
3917	扈	扈	hù	hu	4
3918	蜈	蜈	wú	wu	2
3919	翟	翟	dí	di	2
3920	藕	藕	ǒu	ou	3
3921	戌	戌	xū	xu	1
3922	蓓	蓓	bèi	bei	4
3923	鋆	鋆	yún	yun	2
3924	谩	謾	mán	man	2
3925	谀	諛	yú	yu	2
3926	卯	卯	mǎo	mao	3
3927	谙	諳	ān	an	1
3928	岐	岐	qí	qi	2
3929	蝎	蠍	xiē	xie	1
3930	荼	荼	tú	tu	2
3931	镀	鍍	dù	du	4
3932	椰	椰	yē	ye	1
3933	甄	甄	zhēn	zhen	1
3934	蟾	蟾	chán	chan	2
3935	蹊	蹊	qī	qi	1
3936	泞	濘	nìng	ning	4
3937	撸	擼	lū	lu	1
3938	螃	螃	páng	pang	2
3939	檬	檬	méng	meng	2
3940	猓	猓	guǒ	guo	3
3941	蔷	薔	qiáng	qiang	2
3942	羲	羲	xī	xi	1
3943	瘸	瘸	qué	que	2
3944	蘸	蘸	zhàn	zhan	4
3945	蔗	蔗	zhè	zhe	4
3946	傀	傀	guī	gui	1
3947	蚌	蚌	bàng	bang	4
3948	锢	錮	gù	gu	4
3949	遽	遽	jù	ju	4
3950	邃	邃	suì	sui	4
3951	恚	恚	huì	hui	4
3952	皑	皚	ái	ai	2
3953	锵	鏘	qiāng	qiang	1
3954	簌	簌	sù	su	4
3955	焙	焙	bèi	bei	4
3956	昊	昊	hào	hao	4
3957	鹳	鸛	guàn	guan	4
3958	睽	睽	kuí	kui	2
3959	刽	劊	guì	gui	4
3960	鳖	鱉	biē	bie	1
3961	噎	噎	yē	ye	1
3962	呗	唄	bei	bei	5
3963	寰	寰	huán	huan	2
3964	唷	唷	yō	yo	1
3965	殡	殯	bìn	bin	4
3966	淖	淖	nào	nao	4
3967	诰	誥	gào	gao	4
3968	恣	恣	zì	zi	4
3969	睐	睞	lài	lai	4
3970	婵	嬋	chán	chan	2
3971	榈	櫚	lǘ	lü	2
3972	氦	氦	hài	hai	4
3973	靳	靳	jìn	jin	4
3974	蛹	蛹	yǒng	yong	3
3975	鸯	鴦	yāng	yang	1
3976	惬	愜	qiè	qie	4
3977	蹙	蹙	cù	cu	4
3978	诙	詼	huī	hui	1
3979	眈	眈	dān	dan	1
3980	罡	罡	gāng	gang	1
3981	缮	繕	shàn	shan	4
3982	胤	胤	yìn	yin	4
3983	皋	皋	gāo	gao	1
3984	蛀	蛀	zhù	zhu	4
3985	偌	偌	ruò	ruo	4
3986	疵	疵	cī	ci	1
3987	绛	絳	jiàng	jiang	4
3988	葆	葆	bǎo	bao	3
3989	黔	黔	qián	qian	2
3990	喙	喙	huì	hui	4
3991	烽	烽	fēng	feng	1
3992	儡	儡	lěi	lei	3
3993	佼	佼	jiǎo	jiao	3
3994	斓	斕	lán	lan	2
3995	嫔	嬪	pín	pin	2
3996	颚	顎	è	e	4
3997	龈	齦	kěn	ken	3
3998	盅	盅	zhōng	zhong	1
3999	娓	娓	wěi	wei	3
4000	坂	坂	bǎn	ban	3
4001	町	町	tīng	ting	1
4002	芥	芥	jiè	jie	4
4003	瘠	瘠	jí	ji	2
4004	阂	閡	hé	he	2
4005	挎	挎	kuà	kua	4
4006	橇	橇	qiāo	qiao	1
4007	荟	薈	huì	hui	4
4008	啜	啜	chuài	chuai	4
4009	垛	垛	duǒ	duo	3
4010	淇	淇	qí	qi	2
4011	瓒	瓚	zàn	zan	4
4012	篓	簍	lǒu	lou	3
4013	虱	蝨	shī	shi	1
4014	跻	躋	jī	ji	1
4015	龛	龕	kān	kan	1
4016	蹒	蹣	pán	pan	2
4017	髯	髯	rán	ran	2
4018	瞠	瞠	chēng	cheng	1
4019	痫	癇	xián	xian	2
4020	掂	掂	diān	dian	1
4021	潼	潼	tóng	tong	2
4022	酰	酰	xiān	xian	1
4023	镁	鎂	měi	mei	3
4024	灸	灸	jiǔ	jiu	3
4025	腆	腆	tiǎn	tian	3
4026	筱	筱	xiǎo	xiao	3
4027	谆	諄	zhūn	zhun	1
4028	骋	騁	chěng	cheng	3
4029	壬	壬	rén	ren	2
4030	茗	茗	míng	ming	2
4031	椋	椋	liáng	liang	2
4032	蛔	蛔	huí	hui	2
4033	潺	潺	chán	chan	2
4034	扉	扉	fēi	fei	1
4035	耘	耘	yún	yun	2
4036	槟	檳	bīn	bin	1
4037	雹	雹	báo	bao	2
4038	甬	甬	yǒng	yong	3
4039	谥	諡	shì	shi	4
4040	淞	淞	sōng	song	1
4041	燎	燎	liáo	liao	2
4042	蕙	蕙	huì	hui	4
4043	蚪	蚪	dǒu	dou	3
4044	蜻	蜻	qīng	qing	1
4045	郸	鄲	dān	dan	1
4046	轶	軼	yì	yi	4
4047	狰	猙	zhēng	zheng	1
4048	楣	楣	méi	mei	2
4049	捋	捋	lǚ	lü	3
4050	涓	涓	juān	juan	1
4051	荪	蓀	sūn	sun	1
4052	娄	婁	lóu	lou	2
4053	麝	麝	shè	she	4
4054	蚤	蚤	zǎo	zao	3
4055	薰	薰	xūn	xun	1
4056	醮	醮	jiào	jiao	4
4057	搪	搪	táng	tang	2
4058	谧	謐	mì	mi	4
4059	湮	湮	yān	yan	1
4060	辍	輟	chuò	chuo	4
4061	瞌	瞌	kē	ke	1
4062	梆	梆	bāng	bang	1
4063	樟	樟	zhāng	zhang	1
4064	茉	茉	mò	mo	4
4065	岖	嶇	qū	qu	1
4066	臼	臼	jiù	jiu	4
4067	癣	癬	xuǎn	xuan	3
4068	穑	穡	sè	se	4
4069	玷	玷	diàn	dian	4
4070	馍	饃	mó	mo	2
4071	呷	呷	gā	ga	1
4072	萼	萼	è	e	4
4073	妩	嫵	wǔ	wu	3
4074	伫	佇	zhù	zhu	4
4075	彤	彤	tóng	tong	2
4076	莓	莓	méi	mei	2
4077	岬	岬	jiǎ	jia	3
4078	媛	媛	yuàn	yuan	4
4079	惆	惆	chóu	chou	2
4080	鳎	鰨	tǎ	ta	3
4081	啾	啾	jiū	jiu	1
4082	囔	囔	nāng	nang	1
4083	蜓	蜓	tíng	ting	2
4084	孺	孺	rú	ru	2
4085	徇	徇	xùn	xun	4
4086	徵	徵	zhēng	zheng	1
4087	焊	焊	hàn	han	4
4088	岱	岱	dài	dai	4
4089	昵	暱	nì	ni	4
4090	卅	卅	sà	sa	4
4091	飙	飆	biāo	biao	1
4092	邙	邙	máng	mang	2
4093	痞	痞	pǐ	pi	3
4094	隼	隼	sǔn	sun	3
4095	恫	恫	dòng	dong	4
4096	怆	愴	chuàng	chuang	4
4097	桀	桀	jié	jie	2
4098	绶	綬	shòu	shou	4
4099	裆	襠	dāng	dang	1
4100	盂	盂	yú	yu	2
4101	桧	檜	guì	gui	4
4102	蚓	蚓	yǐn	yin	3
4103	抠	摳	kōu	kou	1
4104	嗷	嗷	áo	ao	2
4105	槌	槌	chuí	chui	2
4106	痘	痘	dòu	dou	4
4107	痢	痢	lì	li	4
4108	芮	芮	ruì	rui	4
4109	蚣	蚣	gōng	gong	1
4110	闩	閂	shuān	shuan	1
4111	铿	鏗	kēng	keng	1
4112	飓	颶	jù	ju	4
4113	疱	皰	pào	pao	4
4114	蝌	蝌	kē	ke	1
4115	撅	撅	juē	jue	1
4116	蚯	蚯	qiū	qiu	1
4117	斡	斡	wò	wo	4
4118	窠	窠	kē	ke	1
4119	荚	莢	jiá	jia	2
4120	耷	耷	dā	da	1
4121	砚	硯	yàn	yan	4
4122	牒	牒	dié	die	2
4123	赈	賑	zhèn	zhen	4
4124	煦	煦	xù	xu	4
4125	嗫	囁	niè	nie	4
4126	耙	耙	bà	ba	4
4127	榕	榕	róng	rong	2
4128	鞑	韃	dá	da	2
4129	袤	袤	mào	mao	4
4130	谌	諶	chén	chen	2
4131	醺	醺	xūn	xun	1
4132	秆	稈	gǎn	gan	3
4133	徨	徨	huáng	huang	2
4134	橹	櫓	lǔ	lu	3
4135	翡	翡	fěi	fei	3
4136	缨	纓	yīng	ying	1
4137	锹	鍬	qiāo	qiao	1
4138	嵇	嵇	jī	ji	1
4139	圪	圪	gē	ge	1
4140	髻	髻	jì	ji	4
4141	嗬	嗬	hē	he	1
4142	辎	輜	zī	zi	1
4143	痣	痣	zhì	zhi	4
4144	娩	娩	miǎn	mian	3
4145	谄	諂	chǎn	chan	3
4146	蛐	蛐	qū	qu	1
4147	鹞	鷂	yào	yao	4
4148	翱	翱	áo	ao	2
4149	庖	庖	páo	pao	2
4150	籁	籟	lài	lai	4
4151	蓿	蓿	xu	xu	5
4152	鳗	鰻	mán	man	2
4153	疟	瘧	nüè	nüe	4
4154	鲇	鮎	nián	nian	2
4155	這	這	zhè	zhe	4
4156	嚅	嚅	rú	ru	2
4157	瘀	瘀	yū	yu	1
4158	颔	頷	hàn	han	4
4159	黜	黜	chù	chu	4
4160	黠	黠	xiá	xia	2
4161	濑	瀨	lài	lai	4
4162	馁	餒	něi	nei	3
4163	洵	洵	xún	xun	2
4164	忐	忐	tǎn	tan	3
4165	忑	忑	tè	te	4
4166	砥	砥	dǐ	di	3
4167	咂	咂	zā	za	1
4168	罹	罹	lí	li	2
4169	糠	糠	kāng	kang	1
4170	匝	匝	zā	za	1
4171	偃	偃	yǎn	yan	3
4172	淙	淙	cóng	cong	2
4173	纫	紉	rèn	ren	4
4174	喏	喏	nuò	nuo	4
4175	闾	閭	lǘ	lü	2
4176	祛	祛	qū	qu	1
4177	蛰	蟄	zhé	zhe	2
4178	腼	靦	miǎn	mian	3
4179	涝	澇	lào	lao	4
4180	曜	曜	yào	yao	4
4181	厩	廄	jiù	jiu	4
4182	疽	疽	jū	ju	1
4183	闰	閏	rùn	run	4
4184	洄	洄	huí	hui	2
4185	煊	煊	xuān	xuan	1
4186	汐	汐	xī	xi	1
4187	藓	蘚	xiǎn	xian	3
4188	璜	璜	huáng	huang	2
4189	铬	鉻	gè	ge	4
4190	經	經	jīng	jing	1
4191	渥	渥	wò	wo	4
4192	靼	靼	dá	da	2
4193	酗	酗	xù	xu	4
4194	苓	苓	líng	ling	2
4195	噤	噤	jìn	jin	4
4196	咫	咫	zhǐ	zhi	3
4197	椿	椿	chūn	chun	1
4198	鲫	鯽	jì	ji	4
4199	锭	錠	dìng	ding	4
4200	罔	罔	wǎng	wang	3
4201	锺	鍾	zhōng	zhong	1
4202	匍	匍	pú	pu	2
4203	祗	祗	zhī	zhi	1
4204	锰	錳	měng	meng	3
4205	岌	岌	jí	ji	2
4206	馀	餘	yú	yu	2
4207	畹	畹	wǎn	wan	3
4208	糯	糯	nuò	nuo	4
4209	胫	脛	jìng	jing	4
4210	熠	熠	yì	yi	4
4211	銮	鑾	luán	luan	2
4212	沅	沅	yuán	yuan	2
4213	棣	棣	dì	di	4
4214	旌	旌	jīng	jing	1
4215	豌	豌	wān	wan	1
4216	孢	孢	bāo	bao	1
4217	镭	鐳	léi	lei	2
4218	驸	駙	fù	fu	4
4219	腌	醃	yān	yan	1
4220	盹	盹	dǔn	dun	3
4221	熵	熵	shāng	shang	1
4222	镐	鎬	gǎo	gao	3
4223	馐	饈	xiū	xiu	1
4224	嘤	嚶	yīng	ying	1
4225	癞	癩	lài	lai	4
4226	骰	骰	tóu	tou	2
4227	韭	韭	jiǔ	jiu	3
4228	阖	闔	hé	he	2
4229	瞑	瞑	míng	ming	2
4230	裨	裨	bì	bi	4
4231	宕	宕	dàng	dang	4
4232	戾	戾	lì	li	4
4233	镌	鐫	juān	juan	1
4234	溟	溟	míng	ming	2
4235	牍	牘	dú	du	2
4236	隽	雋	juàn	juan	4
4237	婊	婊	biǎo	biao	3
4238	鹄	鵠	gǔ	gu	3
4239	埂	埂	gěng	geng	3
4240	拄	拄	zhǔ	zhu	3
4241	娲	媧	wā	wa	1
4242	虬	虯	qiú	qiu	2
4243	萱	萱	xuān	xuan	1
4244	啵	啵	bo	bo	5
4245	蠡	蠡	lí	li	2
4246	芋	芋	yù	yu	4
4247	胭	胭	yān	yan	1
4248	豺	豺	chái	chai	2
4249	啻	啻	chì	chi	4
4250	褛	褸	lǚ	lü	3
4251	蛆	蛆	qū	qu	1
4252	柠	檸	níng	ning	2
4253	掰	掰	bāi	bai	1
4254	篆	篆	zhuàn	zhuan	4
4255	倌	倌	guān	guan	1
4256	咛	嚀	níng	ning	2
4257	蛭	蛭	zhì	zhi	4
4258	谡	謖	sù	su	4
4259	荨	蕁	xún	xun	2
4260	莞	莞	guǎn	guan	3
4261	澹	澹	dàn	dan	4
4262	纭	紜	yún	yun	2
4263	潞	潞	lù	lu	4
4264	郅	郅	zhì	zhi	4
4265	弋	弋	yì	yi	4
4266	飕	颼	sōu	sou	1
4267	螳	螳	táng	tang	2
4268	胄	胄	zhòu	zhou	4
4269	蟑	蟑	zhāng	zhang	1
4270	猥	猥	wěi	wei	3
4271	宓	宓	mì	mi	4
4272	昙	曇	tán	tan	2
4273	锏	鐧	jiǎn	jian	3
4274	蟠	蟠	pán	pan	2
4275	過	過	guò	guo	4
4276	柑	柑	gān	gan	1
4277	烯	烯	xī	xi	1
4278	匐	匐	fú	fu	2
4279	濮	濮	pú	pu	2
4280	蟮	蟮	shàn	shan	4
4281	祐	祐	yòu	you	4
4282	仄	仄	zè	ze	4
4283	偈	偈	jì	ji	4
4284	蜃	蜃	shèn	shen	4
4285	箴	箴	zhēn	zhen	1
4286	粼	粼	lín	lin	2
4287	嗥	嗥	háo	hao	2
4288	褴	襤	lán	lan	2
4289	蕨	蕨	jué	jue	2
4290	蓟	薊	jì	ji	4
4291	圩	圩	wéi	wei	2
4292	孪	孿	luán	luan	2
4293	杳	杳	yǎo	yao	3
4294	魇	魘	yǎn	yan	3
4295	荤	葷	hūn	hun	1
4296	诿	諉	wěi	wei	3
4297	簪	簪	zān	zan	1
4298	氲	氳	yūn	yun	1
4299	摞	摞	luò	luo	4
4300	飒	颯	sà	sa	4
4301	镂	鏤	lòu	lou	4
4302	舀	舀	yǎo	yao	3
4303	夙	夙	sù	su	4
4304	臧	臧	zāng	zang	1
4305	蒿	蒿	hāo	hao	1
4306	貂	貂	diāo	diao	1
4307	蜥	蜥	xī	xi	1
4308	蹩	蹩	bié	bie	2
4309	噼	噼	pī	pi	1
4310	钛	鈦	tài	tai	4
4311	钚	鈈	bù	bu	4
4312	獾	獾	huān	huan	1
4313	濂	濂	lián	lian	2
4314	铠	鎧	kǎi	kai	3
4315	皙	皙	xī	xi	1
4316	霭	靄	ǎi	ai	3
4317	鲈	鱸	lú	lu	2
4318	叵	叵	pǒ	po	3
4319	霾	霾	mái	mai	2
4320	泯	泯	mǐn	min	3
4321	碴	碴	chá	cha	2
4322	鸵	鴕	tuó	tuo	2
4323	峪	峪	yù	yu	4
4324	饕	饕	tāo	tao	1
4325	瘁	瘁	cuì	cui	4
4326	睢	睢	suī	sui	1
4327	鬃	鬃	zōng	zong	1
4328	迩	邇	ěr	er	3
4329	纣	紂	zhòu	zhou	4
4330	夔	夔	kuí	kui	2
4331	垠	垠	yín	yin	2
4332	饨	飩	tún	tun	2
4333	榭	榭	xiè	xie	4
4334	隍	隍	huáng	huang	2
4335	娑	娑	suō	suo	1
4336	篝	篝	gōu	gou	1
4337	榔	榔	láng	lang	2
4338	洌	洌	liè	lie	4
4339	浜	浜	bāng	bang	1
4340	鲑	鮭	guī	gui	1
4341	谔	諤	è	e	4
4342	汩	汩	gǔ	gu	3
4343	浣	浣	huàn	huan	4
4344	舐	舐	shì	shi	4
4345	瞭	瞭	liǎo	liao	3
4346	忻	忻	xīn	xin	1
4347	咻	咻	xiū	xiu	1
4348	鹑	鶉	chún	chun	2
4349	唑	唑	zuò	zuo	4
4350	懋	懋	mào	mao	4
4351	皎	皎	jiǎo	jiao	3
4352	诒	詒	yí	yi	2
4353	麾	麾	huī	hui	1
4354	辏	輳	còu	cou	4
4355	氐	氐	dī	di	1
4356	冽	冽	liè	lie	4
4357	箕	箕	jī	ji	1
4358	俚	俚	lǐ	li	3
4359	汴	汴	biàn	bian	4
4360	宸	宸	chén	chen	2
4361	芍	芍	sháo	shao	2
4362	捱	捱	ái	ai	2
4363	摈	擯	bìn	bin	4
4364	摺	摺	zhé	zhe	2
4365	簦	簦	dēng	deng	1
4366	箔	箔	bó	bo	2
4367	咝	噝	sī	si	1
4368	孀	孀	shuāng	shuang	1
4369	怏	怏	yàng	yang	4
4370	谝	諞	piǎn	pian	3
4371	砧	砧	zhēn	zhen	1
4372	馕	饢	náng	nang	2
4373	耄	耄	mào	mao	4
4374	罂	罌	yīng	ying	1
4375	漕	漕	cáo	cao	2
4376	沣	灃	fēng	feng	1
4377	栾	欒	luán	luan	2
4378	榘	榘	jǔ	ju	3
4379	烷	烷	wán	wan	2
4380	榷	榷	què	que	4
4381	俑	俑	yǒng	yong	3
4382	沱	沱	tuó	tuo	2
4383	缜	縝	zhěn	zhen	3
4384	鹫	鷲	jiù	jiu	4
4385	蛳	螄	sī	si	1
4386	剽	剽	piāo	piao	1
4387	衢	衢	qú	qu	2
4388	泗	泗	sì	si	4
4389	臊	臊	sāo	sao	1
4390	瘴	瘴	zhàng	zhang	4
4391	酚	酚	fēn	fen	1
4392	纾	紓	shū	shu	1
4393	晁	晁	cháo	chao	2
4394	孛	孛	bèi	bei	4
4395	炀	煬	yáng	yang	2
4396	叁	叄	sān	san	1
4397	憩	憩	qì	qi	4
4398	掬	掬	jū	ju	1
4399	椤	欏	luó	luo	2
4400	啮	齧	niè	nie	4
4401	畿	畿	jī	ji	1
4402	掸	撣	dǎn	dan	3
4403	镣	鐐	liào	liao	4
4404	骁	驍	xiāo	xiao	1
4405	椽	椽	chuán	chuan	2
4406	侗	侗	dòng	dong	4
4407	滦	灤	luán	luan	2
4408	荩	藎	jìn	jin	4
4409	泓	泓	hóng	hong	2
4410	蚱	蚱	zhà	zha	4
4411	癜	癜	diàn	dian	4
4412	酯	酯	zhǐ	zhi	3
4413	體	體	tǐ	ti	3
4414	癸	癸	guǐ	gui	3
4415	蚜	蚜	yá	ya	2
4416	扪	捫	mén	men	2
4417	庑	廡	wǔ	wu	3
4418	歆	歆	xīn	xin	1
4419	蝮	蝮	fù	fu	4
4420	蹶	蹶	jué	jue	2
4421	弈	弈	yì	yi	4
4422	庋	庋	guǐ	gui	3
4423	喟	喟	kuì	kui	4
4424	滂	滂	pāng	pang	1
4425	啕	啕	táo	tao	2
4426	蛎	蠣	lì	li	4
4427	獭	獺	tǎ	ta	3
4428	槁	槁	gǎo	gao	3
4429	翊	翊	yì	yi	4
4430	龊	齪	chuò	chuo	4
4431	邺	鄴	yè	ye	4
4432	莘	莘	shēn	shen	1
4433	燮	燮	xiè	xie	4
4434	剁	剁	duò	duo	4
4435	觐	覲	jìn	jin	4
4436	铛	鐺	dāng	dang	1
4437	谗	讒	chán	chan	2
4438	镍	鎳	niè	nie	4
4439	臃	臃	yōng	yong	1
4440	墒	墒	shāng	shang	1
4441	晔	曄	yè	ye	4
4442	燔	燔	fán	fan	2
4443	嘭	嘭	pēng	peng	1
4444	涿	涿	zhuō	zhuo	1
4445	醯	醯	xī	xi	1
4446	箩	籮	luó	luo	2
4447	鄱	鄱	pó	po	2
4448	睨	睨	nì	ni	4
4449	诤	諍	zhēng	zheng	1
4450	坳	坳	ào	ao	4
4451	鹭	鷺	lù	lu	4
4452	砷	砷	shēn	shen	1
4453	唏	唏	xī	xi	1
4454	伲	伲	nì	ni	4
4455	猬	蝟	wèi	wei	4
4456	琥	琥	hǔ	hu	3
4457	殁	歿	mò	mo	4
4458	蚩	蚩	chī	chi	1
4459	泾	涇	jīng	jing	1
4460	缥	縹	piāo	piao	1
4461	殓	殮	liàn	lian	4
4462	鳅	鰍	qiū	qiu	1
4463	氰	氰	qíng	qing	2
4464	诋	詆	dǐ	di	3
4465	刍	芻	chú	chu	2
4466	芷	芷	zhǐ	zhi	3
4467	嶙	嶙	lín	lin	2
4468	逅	逅	hòu	hou	4
4469	舫	舫	fǎng	fang	3
4470	呓	囈	yì	yi	4
4471	唰	唰	shuā	shua	1
4472	茁	茁	zhuó	zhuo	2
4473	馑	饉	jǐn	jin	3
4474	妫	嬀	guī	gui	1
4475	骧	驤	xiāng	xiang	1
4476	苷	苷	gān	gan	1
4477	擢	擢	zhuó	zhuo	2
4478	峋	峋	xún	xun	2
4479	袂	袂	mèi	mei	4
4480	懑	懣	mèn	men	4
4481	蓑	蓑	suō	suo	1
4482	與	與	yǔ	yu	3
4483	涞	淶	lái	lai	2
4484	祉	祉	zhǐ	zhi	3
4485	踹	踹	chuài	chuai	4
4486	掇	掇	duō	duo	1
4487	沏	沏	qī	qi	1
4488	诳	誑	kuáng	kuang	2
4489	噫	噫	yī	yi	1
4490	饽	餑	bō	bo	1
4491	饪	飪	rèn	ren	4
4492	绺	綹	liǔ	liu	3
4493	谘	諮	zī	zi	1
4494	飧	飧	sūn	sun	1
4495	迳	逕	jìng	jing	4
4496	铡	鍘	zhá	zha	2
4497	枞	樅	cōng	cong	1
4498	熨	熨	yùn	yun	4
4499	鋈	鋈	wù	wu	4
4500	荭	葒	hóng	hong	2
4501	赊	賒	shē	she	1
4502	俦	儔	chóu	chou	2
4503	戛	戛	jiá	jia	2
4504	湎	湎	miǎn	mian	3
4505	幺	幺	yāo	yao	1
4506	凇	凇	sōng	song	1
4507	芪	芪	qí	qi	2
4508	觯	觶	zhì	zhi	4
4509	龌	齷	wò	wo	4
4510	挞	撻	tà	ta	4
4511	嬴	嬴	yíng	ying	2
4512	苻	苻	fú	fu	2
4513	嘁	嘁	qī	qi	1
4514	鞯	韉	jiān	jian	1
4515	肽	肽	tài	tai	4
4516	恸	慟	tòng	tong	4
4517	迨	迨	dài	dai	4
4518	钰	鈺	yù	yu	4
4519	儆	儆	jǐng	jing	3
4520	觎	覦	yú	yu	2
4521	讫	訖	qì	qi	4
4522	滓	滓	zǐ	zi	3
4523	僮	僮	tóng	tong	2
4524	媾	媾	gòu	gou	4
4525	龇	齜	zī	zi	1
4526	胯	胯	kuà	kua	4
4527	涮	涮	shuàn	shuan	4
4528	绾	綰	wǎn	wan	3
4529	杈	杈	chā	cha	1
4530	赳	赳	jiū	jiu	1
4531	斛	斛	hú	hu	2
4532	觥	觥	gōng	gong	1
4533	疸	疸	dǎn	dan	3
4534	卞	卞	biàn	bian	4
4535	愠	慍	yùn	yun	4
4536	拮	拮	jié	jie	2
4537	庠	庠	xiáng	xiang	2
4538	烨	燁	yè	ye	4
4539	龢	龢	hé	he	2
4540	菠	菠	bō	bo	1
4541	窈	窈	yǎo	yao	3
4542	罄	罄	qìng	qing	4
4543	囤	囤	dùn	dun	4
4544	弁	弁	biàn	bian	4
4545	奘	奘	zàng	zang	4
4546	咣	咣	guāng	guang	1
4547	缫	繅	sāo	sao	1
4548	腴	腴	yú	yu	2
4549	缈	緲	miǎo	miao	3
4550	喵	喵	miāo	miao	1
4551	潢	潢	huáng	huang	2
4552	遛	遛	liú	liu	2
4553	柚	柚	yòu	you	4
4554	郏	郟	jiá	jia	2
4555	荻	荻	dí	di	2
4556	藜	藜	lí	li	2
4557	琨	琨	kūn	kun	1
4558	镳	鑣	biāo	biao	1
4559	雉	雉	zhì	zhi	4
4560	橐	橐	tuó	tuo	2
4561	陽	陽	yáng	yang	2
4562	骈	駢	pián	pian	2
4563	蛉	蛉	líng	ling	2
4564	艮	艮	gěn	gen	3
4565	搽	搽	chá	cha	2
4566	濡	濡	rú	ru	2
4567	寮	寮	liáo	liao	2
4568	柩	柩	jiù	jiu	4
4569	佗	佗	tuó	tuo	2
4570	啷	啷	lāng	lang	1
4571	诜	詵	shēn	shen	1
4572	視	視	shì	shi	4
4573	偻	僂	lóu	lou	2
4574	夯	夯	hāng	hang	1
4575	闱	闈	wéi	wei	2
4576	谖	諼	xuān	xuan	1
4577	夥	夥	huǒ	huo	3
4578	枸	枸	gǒu	gou	3
4579	膑	臏	bìn	bin	4
4580	虻	虻	méng	meng	2
4581	筠	筠	yún	yun	2
4582	埽	埽	sào	sao	4
4583	笞	笞	chī	chi	1
4584	臾	臾	yú	yu	2
4585	婀	婀	ē	e	1
4586	珞	珞	luò	luo	4
4587	粑	粑	bā	ba	1
4588	怵	怵	chù	chu	4
4589	绻	綣	quǎn	quan	3
4590	殒	殞	yǔn	yun	3
4591	觊	覬	jì	ji	4
4592	崂	嶗	láo	lao	2
4593	颧	顴	quán	quan	2
4594	嗑	嗑	kē	ke	1
4595	榛	榛	zhēn	zhen	1
4596	昱	昱	yù	yu	4
4597	蜴	蜴	yì	yi	4
4598	鳝	鱔	shàn	shan	4
4599	噙	噙	qín	qin	2
4600	淼	淼	miǎo	miao	3
4601	矾	礬	fán	fan	2
4602	硼	硼	péng	peng	2
4603	囿	囿	yòu	you	4
4604	泅	泅	qiú	qiu	2
4605	邂	邂	xiè	xie	4
4606	钜	鉅	jù	ju	4
4607	蠹	蠹	dù	du	4
4608	垩	堊	è	e	4
4609	乩	乩	jī	ji	1
4610	嗝	嗝	gé	ge	2
4611	淦	淦	gàn	gan	4
4612	樽	樽	zūn	zun	1
4613	诮	誚	qiào	qiao	4
4614	揆	揆	kuí	kui	2
4615	啐	啐	cuì	cui	4
4616	淅	淅	xī	xi	1
4617	榉	櫸	jǔ	ju	3
4618	馗	馗	kuí	kui	2
4619	辔	轡	pèi	pei	4
4620	暹	暹	xiān	xian	1
4621	骛	騖	wù	wu	4
4622	鱿	魷	yóu	you	2
4623	苫	苫	shān	shan	1
4624	犷	獷	guǎng	guang	3
4625	獠	獠	liáo	liao	2
4626	詈	詈	lì	li	4
4627	竦	竦	sǒng	song	3
4628	篙	篙	gāo	gao	1
4629	诨	諢	hùn	hun	4
4630	铰	鉸	jiǎo	jiao	3
4631	馄	餛	hún	hun	2
4632	蜚	蜚	fēi	fei	1
4633	峒	峒	dòng	dong	4
4634	滢	瀅	yíng	ying	2
4635	琬	琬	wǎn	wan	3
4636	靓	靚	jìng	jing	4
4637	狻	狻	suān	suan	1
4638	璨	璨	càn	can	4
4639	犟	犟	jiàng	jiang	4
4640	鸬	鸕	lú	lu	2
4641	螨	蟎	mǎn	man	3
4642	芩	芩	qín	qin	2
4643	嘹	嘹	liáo	liao	2
4644	锟	錕	kūn	kun	1
4645	蜇	蜇	zhē	zhe	1
4646	洹	洹	huán	huan	2
4647	栉	櫛	zhì	zhi	4
4648	俪	儷	lì	li	4
4649	钍	釷	tǔ	tu	3
4650	锨	鍁	xiān	xian	1
4651	瑁	瑁	mào	mao	4
4652	壹	壹	yī	yi	1
4653	痿	痿	wěi	wei	3
4654	竑	竑	hóng	hong	2
4655	粕	粕	pò	po	4
4656	犄	犄	jī	ji	1
4657	瘙	瘙	sào	sao	4
4658	饯	餞	jiàn	jian	4
4659	抟	摶	tuán	tuan	2
4660	衲	衲	nà	na	4
4661	踮	踮	diǎn	dian	3
4662	龅	齙	bāo	bao	1
4663	愎	愎	bì	bi	4
4664	馥	馥	fù	fu	4
4665	梏	梏	gù	gu	4
4666	讣	訃	fù	fu	4
4667	邝	鄺	kuàng	kuang	4
4668	艿	艿	nǎi	nai	3
4669	趺	趺	fū	fu	1
4670	鲟	鱘	xún	xun	2
4671	剜	剜	wān	wan	1
4672	绉	縐	zhòu	zhou	4
4673	罅	罅	xià	xia	4
4674	笥	笥	sì	si	4
4675	衩	衩	chǎ	cha	3
4676	姣	姣	jiāo	jiao	1
4677	斫	斫	zhuó	zhuo	2
4678	鹗	鶚	è	e	4
4679	腎	腎	shèn	shen	4
4680	爻	爻	yáo	yao	2
4681	猕	獼	mí	mi	2
4682	晗	晗	hán	han	2
4683	铩	鎩	shā	sha	1
4684	窕	窕	tiǎo	tiao	3
4685	仨	仨	sā	sa	1
4686	搡	搡	sǎng	sang	3
4687	崴	崴	wǎi	wai	3
4688	酢	酢	cù	cu	4
4689	檄	檄	xí	xi	2
4690	佞	佞	nìng	ning	4
4691	孑	孑	jié	jie	2
4692	璀	璀	cuǐ	cui	3
4693	岷	岷	mín	min	2
4694	舛	舛	chuǎn	chuan	3
4695	邕	邕	yōng	yong	1
4696	闿	闓	kǎi	kai	3
4697	铂	鉑	bó	bo	2
4698	霁	霽	jì	ji	4
4699	犒	犒	kào	kao	4
4700	馏	餾	liú	liu	2
4701	阈	閾	yù	yu	4
4702	麋	麋	mí	mi	2
4703	麒	麒	qí	qi	2
4704	苁	蓯	cōng	cong	1
4705	摁	摁	èn	en	4
4706	涔	涔	cén	cen	2
4707	宥	宥	yòu	you	4
4708	妍	妍	yán	yan	2
4709	铤	鋌	dìng	ding	4
4710	锷	鍔	è	e	4
4711	嗲	嗲	diǎ	dia	3
4712	恽	惲	yùn	yun	4
4713	麂	麂	jǐ	ji	3
4714	赝	贗	yàn	yan	4
4715	胛	胛	jiǎ	jia	3
4716	哂	哂	shěn	shen	3
4717	撷	擷	xié	xie	2
4718	呶	呶	náo	nao	2
4719	噘	噘	juē	jue	1
4720	懔	懍	lǐn	lin	3
4721	栎	櫟	lì	li	4
4722	桎	桎	zhì	zhi	4
4723	霰	霰	sǎn	san	3
4724	飨	饗	xiǎng	xiang	3
4725	揄	揄	yú	yu	2
4726	噔	噔	dēng	deng	1
4727	娣	娣	dì	di	4
4728	薏	薏	yì	yi	4
4729	忝	忝	tiǎn	tian	3
4730	咤	吒	zhà	zha	4
4731	嗵	嗵	tōng	tong	1
4732	迤	迤	yí	yi	2
4733	贲	賁	bēn	ben	1
4734	胪	臚	lú	lu	2
4735	鍪	鍪	móu	mou	2
4736	泸	瀘	lú	lu	2
4737	蔫	蔫	niān	nian	1
4738	刈	刈	yì	yi	4
4739	僖	僖	xī	xi	1
4740	咿	咿	yī	yi	1
4741	鹌	鵪	ān	an	1
4742	嗪	嗪	qín	qin	2
4743	茏	蘢	lóng	long	2
4744	茯	茯	fú	fu	2
4745	岫	岫	xiù	xiu	4
4746	嵘	嶸	róng	rong	2
4747	轱	軲	gū	gu	1
4748	怼	懟	duì	dui	4
4749	铨	銓	quán	quan	2
4750	昕	昕	xīn	xin	1
4751	郢	郢	yǐng	ying	3
4752	咩	咩	miē	mie	1
4753	馊	餿	sōu	sou	1
4754	髡	髡	kūn	kun	1
4755	澧	澧	lǐ	li	3
4756	苣	苣	jù	ju	4
4757	濯	濯	zhuó	zhuo	2
4758	盥	盥	guàn	guan	4
4759	囡	囡	nān	nan	1
4760	砺	礪	lì	li	4
4761	佘	佘	shé	she	2
4762	谶	讖	chèn	chen	4
4763	弑	弒	shì	shi	4
4764	楂	楂	zhā	zha	1
4765	翦	翦	jiǎn	jian	3
4766	怩	怩	ní	ni	2
4767	蠼	蠼	qú	qu	2
4768	霏	霏	fēi	fei	1
4769	楹	楹	yíng	ying	2
4770	讴	謳	ōu	ou	1
4771	锲	鍥	qiè	qie	4
4772	慵	慵	yōng	yong	1
4773	胝	胝	zhī	zhi	1
4774	砭	砭	biān	bian	1
4775	潍	濰	wéi	wei	2
4776	杵	杵	chǔ	chu	3
4777	樾	樾	yuè	yue	4
4778	帼	幗	guó	guo	2
4779	碣	碣	jié	jie	2
4780	诌	謅	zhōu	zhou	1
4781	徕	徠	lái	lai	2
4782	胴	胴	dòng	dong	4
4783	钴	鈷	gǔ	gu	3
4784	裟	裟	shā	sha	1
4785	啶	啶	dìng	ding	4
4786	铣	銑	xǐ	xi	3
4787	铱	銥	yī	yi	1
4788	楫	楫	jí	ji	2
4789	赭	赭	zhě	zhe	3
4790	碛	磧	qì	qi	4
4791	酊	酊	dīng	ding	1
4792	魑	魑	chī	chi	1
4793	醛	醛	quán	quan	2
4794	剐	剮	guǎ	gua	3
4795	畦	畦	qí	qi	2
4796	陂	陂	bēi	bei	1
4797	闶	閌	kāng	kang	1
4798	阄	鬮	jiū	jiu	1
4799	祚	祚	zuò	zuo	4
4800	鹘	鶻	gǔ	gu	3
4801	泱	泱	yāng	yang	1
4802	趄	趄	jū	ju	1
4803	骅	驊	huá	hua	2
4804	陲	陲	chuí	chui	2
4805	郧	鄖	yún	yun	2
4806	倜	倜	tì	ti	4
4807	呤	呤	lìng	ling	4
4808	燧	燧	suì	sui	4
4809	铉	鉉	xuàn	xuan	4
4810	粲	粲	càn	can	4
4811	骶	骶	dǐ	di	3
4812	峁	峁	mǎo	mao	3
4813	忸	忸	niǔ	niu	3
4814	渌	淥	lù	lu	4
4815	骞	騫	qiān	qian	1
4816	髭	髭	zī	zi	1
4817	戡	戡	kān	kan	1
4818	钨	鎢	wū	wu	1
4819	谲	譎	jué	jue	2
4820	苋	莧	xiàn	xian	4
4821	锃	鋥	zèng	zeng	4
4822	蜊	蜊	lí	li	2
4823	幄	幄	wò	wo	4
4824	闼	闥	tà	ta	4
4825	戕	戕	qiāng	qiang	1
4826	骊	驪	lí	li	2
4827	虢	虢	guó	guo	2
4828	烩	燴	huì	hui	4
4829	傥	儻	tǎng	tang	3
4830	妲	妲	dá	da	2
4831	绌	絀	chù	chu	4
4832	桠	椏	yā	ya	1
4833	袈	袈	jiā	jia	1
4834	鎗	鎗	qiāng	qiang	1
4835	薮	藪	sǒu	sou	3
4836	揿	撳	qìn	qin	4
4837	杲	杲	gǎo	gao	3
4838	肓	肓	huāng	huang	1
4839	厝	厝	cuò	cuo	4
4840	莅	蒞	lì	li	4
4841	氤	氤	yīn	yin	1
4842	缙	縉	jìn	jin	4
4843	衮	袞	gǔn	gun	3
4844	诟	詬	gòu	gou	4
4845	旖	旖	yǐ	yi	3
4846	硒	硒	xī	xi	1
4847	唁	唁	yàn	yan	4
4848	嬗	嬗	shàn	shan	4
4849	硎	硎	xíng	xing	2
4850	裱	裱	biǎo	biao	3
4851	颦	顰	pín	pin	2
4852	質	質	zhì	zhi	4
4853	靥	靨	yè	ye	4
4854	纥	紇	gē	ge	1
4855	煨	煨	wēi	wei	1
4856	礴	礴	bó	bo	2
4857	鏖	鏖	áo	ao	2
4858	蝈	蟈	guō	guo	1
4859	笏	笏	hù	hu	4
4860	羿	羿	yì	yi	4
4861	鼐	鼐	nài	nai	4
4862	湟	湟	huáng	huang	2
4863	甑	甑	zèng	zeng	4
4864	炜	煒	wěi	wei	3
4865	煲	煲	bāo	bao	1
4866	锉	銼	cuò	cuo	4
4867	笕	筧	jiǎn	jian	3
4868	喑	喑	yīn	yin	1
4869	嶂	嶂	zhàng	zhang	4
4870	浔	潯	xún	xun	2
4871	弭	弭	mǐ	mi	3
4872	妪	嫗	yù	yu	4
4873	锂	鋰	lǐ	li	3
4874	苡	苡	yǐ	yi	3
4875	孳	孳	zī	zi	1
4876	颏	頦	kē	ke	1
4877	醴	醴	lǐ	li	3
4878	間	間	jiān	jian	1
4879	渚	渚	zhǔ	zhu	3
4880	轭	軛	è	e	4
4881	鹬	鷸	yù	yu	4
4882	蚝	蠔	háo	hao	2
4883	黃	黃	huáng	huang	2
4884	膘	膘	biāo	biao	1
4885	邛	邛	qióng	qiong	2
4886	痨	癆	láo	lao	2
4887	褡	褡	dā	da	1
4888	耦	耦	ǒu	ou	3
4889	覃	覃	tán	tan	2
4890	虛	虛	xū	xu	1
4891	馔	饌	zhuàn	zhuan	4
4892	篾	篾	miè	mie	4
4893	兖	兗	yǎn	yan	3
4894	阋	鬩	xì	xi	4
4895	遨	遨	áo	ao	2
4896	爰	爰	yuán	yuan	2
4897	痂	痂	jiā	jia	1
4898	艄	艄	shāo	shao	1
4899	耨	耨	nòu	nou	4
4900	沤	漚	ōu	ou	1
4901	邋	邋	lā	la	1
4902	焓	焓	hán	han	2
4903	秣	秣	mò	mo	4
4904	昶	昶	chǎng	chang	3
4905	種	種	zhǒng	zhong	3
4906	變	變	biàn	bian	4
4907	窣	窣	sū	su	1
4908	绦	絛	tāo	tao	1
4909	俎	俎	zǔ	zu	3
4910	榫	榫	sǔn	sun	3
4911	蟪	蟪	huì	hui	4
4912	稗	稗	bài	bai	4
4913	謇	謇	jiǎn	jian	3
4914	氩	氬	yà	ya	4
4915	類	類	lèi	lei	4
4916	锴	鍇	kǎi	kai	3
4917	龉	齬	yǔ	yu	3
4918	烃	烴	tīng	ting	1
4919	俣	俁	yǔ	yu	3
4920	嬷	嬤	mā	ma	1
4921	肱	肱	gōng	gong	1
4922	鸢	鳶	yuān	yuan	1
4923	笫	笫	zǐ	zi	3
4924	痤	痤	cuó	cuo	2
4925	陰	陰	yīn	yin	1
4926	菏	菏	hé	he	2
4927	莆	莆	pú	pu	2
4928	芨	芨	jī	ji	1
4929	阕	闋	què	que	4
4930	砣	砣	tuó	tuo	2
4931	碜	磣	chěn	chen	3
4932	鼹	鼴	yǎn	yan	3
4933	長	長	zhǎng	zhang	3
4934	猷	猷	yóu	you	2
4935	竽	竽	yú	yu	2
4936	舸	舸	gě	ge	3
4937	诓	誆	kuāng	kuang	1
4938	錾	鏨	zàn	zan	4
4939	淬	淬	cuì	cui	4
4940	隗	隗	kuí	kui	2
4941	悌	悌	tì	ti	4
4942	姘	姘	pīn	pin	1
4943	槭	槭	qī	qi	1
4944	邈	邈	miǎo	miao	3
4945	婕	婕	jié	jie	2
4946	歙	歙	shè	she	4
4947	稹	稹	zhěn	zhen	3
4948	蹴	蹴	cù	cu	4
4949	砒	砒	pī	pi	1
4950	痈	癰	yōng	yong	1
4951	镏	鎦	liú	liu	2
4952	羯	羯	jié	jie	2
4953	豕	豕	shǐ	shi	3
4954	鲂	魴	fáng	fang	2
4955	蓖	蓖	bì	bi	4
4956	匦	匭	guǐ	gui	3
4957	笤	笤	tiáo	tiao	2
4958	峥	崢	zhēng	zheng	1
4959	徭	徭	yáo	yao	2
4960	浃	浹	jiā	jia	1
4961	烊	烊	yáng	yang	2
4962	補	補	bǔ	bu	3
4963	窸	窸	xī	xi	1
4964	酆	酆	fēng	feng	1
4965	缢	縊	yì	yi	4
4966	褓	褓	bǎo	bao	3
4967	蚨	蚨	fú	fu	2
4968	翳	翳	yì	yi	4
4969	趔	趔	liè	lie	4
4970	炔	炔	guì	gui	4
4971	誊	謄	téng	teng	2
4972	赜	賾	zé	ze	2
4973	仃	仃	dīng	ding	1
4974	勖	勖	xù	xu	4
4975	葺	葺	qì	qi	4
4976	蚴	蚴	yòu	you	4
4977	泷	瀧	lóng	long	2
4978	蛴	蠐	qí	qi	2
4979	結	結	jié	jie	2
4980	媸	媸	chī	chi	1
4981	俳	俳	pái	pai	2
4982	诖	詿	guà	gua	4
4983	茑	蔦	niǎo	niao	3
4984	逡	逡	qūn	qun	1
4985	孱	孱	càn	can	4
4986	砦	砦	zhài	zhai	4
4987	跸	蹕	bì	bi	4
4988	祜	祜	hù	hu	4
4989	伉	伉	kàng	kang	4
4990	溴	溴	xiù	xiu	4
4991	屐	屐	jī	ji	1
4992	飚	飈	biāo	biao	1
4993	蛞	蛞	kuò	kuo	4
4994	鏡	鏡	jìng	jing	4
4995	掮	掮	qián	qian	2
4996	崆	崆	kōng	kong	1
4997	庾	庾	yǔ	yu	3
4998	橛	橛	jué	jue	2
4999	矸	矸	gān	gan	1
5000	鸨	鴇	bǎo	bao	3